welfarefamily_family_id,welfare_id
0,1
6,1
10,1
11,1
12,2
0,3
11,3
5,4
5,5
4,6
0,7
11,7
2,8
6,8
7,8
10,9
12,9
1,10
4,10
3,11
2,12
4,12
7,12
8,12
2,13
7,13
11,14
4,15
6,16
7,16
7,17
5,18
10,18
2,19
6,19
11,19
7,20
3,21
1,22
12,22
1,23
12,23
1,24
12,24
5,25
12,26
2,27
12,27
0,28
6,28
7,28
0,29
12,30
1,31
6,32
7,33
11,33
2,34
8,34
7,35
10,35
11,35
6,36
1,37
4,37
7,37
8,37
11,37
7,38
10,38
1,39
4,39
1,40
4,40
2,41
8,41
12,42
12,43
7,44
2,45
6,46
7,47
5,48
8,49
12,49
5,50
6,51
7,51
7,52
10,52
6,53
8,54
12,54
7,55
1,56
2,56
12,56
5,57
12,58
10,59
12,59
6,60
6,61
7,61
8,61
10,61
11,61
6,62
7,63
11,63
6,63
12,64
6,65
7,65
11,65
12,66
7,67
11,67
4,68
12,68
1,69
2,70
3,70
4,70
5,70
2,71
3,71
4,71
5,71
2,72
3,72
4,72
5,72
2,73
3,73
4,73
5,73
2,74
3,74
4,74
5,74
2,75
3,75
4,75
5,75
2,76
3,76
4,76
5,76
2,77
3,77
4,77
5,77
2,78
3,78
4,78
5,78
2,79
3,79
4,79
5,79
2,80
3,80
4,80
5,80
2,81
3,81
4,81
5,81
2,82
3,82
4,82
5,82
2,83
3,83
4,83
5,83
2,84
3,84
4,84
5,84
2,85
3,85
4,85
5,85
2,86
3,86
4,86
5,86
2,87
3,87
4,87
5,87
2,88
3,88
4,88
5,88
2,89
3,89
4,89
5,89
2,90
3,90
4,90
5,90
2,91
3,91
4,91
5,91
2,92
3,92
4,92
5,92
2,93
3,93
4,93
2,94
3,94
4,94
5,94
2,95
3,95
4,95
2,96
3,96
4,96
5,96
2,97
3,97
4,97
5,97
2,98
3,98
4,98
5,98
2,99
3,99
4,99
5,99
2,100
3,100
4,100
5,100
5,101
1,102
2,102
3,102
4,102
5,102
1,103
2,103
3,103
4,103
5,103
1,104
2,104
3,104
4,104
5,104
2,105
3,105
4,105
5,105
2,106
3,106
4,106
5,106
1,107
2,107
1,108
2,108
2,109
2,110
3,110
4,110
5,110
2,111
3,111
4,111
5,112
1,113
2,114
3,114
4,114
1,115
2,115
5,116
1,117
2,117
3,117
4,117
5,117
5,118
5,119
1,120
2,120
3,120
4,120
5,120
1,121
2,121
3,121
4,121
5,121
2,122
3,122
4,122
5,122
1,123
2,123
3,123
4,123
5,123
5,124
2,125
3,125
4,125
1,126
2,126
1,127
5,128
2,129
3,129
4,129
5,129
1,130
2,130
1,131
2,131
3,131
4,131
5,131
2,132
3,132
4,132
1,133
2,133
3,133
4,133
5,133
1,134
2,134
3,134
4,134
5,134
1,135
2,135
3,135
4,135
5,135
1,136
2,136
5,137
2,138
3,138
4,138
5,138
1,139
2,139
3,139
4,139
5,139
1,140
2,140
3,140
4,140
5,140
1,141
2,141
3,141
4,141
5,141
2,142
2,143
3,143
4,143
5,143
2,144
3,144
4,144
5,144
1,145
2,145
3,145
4,145
5,145
2,146
3,146
4,146
5,146
2,147
3,147
4,147
5,147
2,148
3,148
4,148
5,148
2,149
3,149
4,149
5,149
2,150
3,150
4,150
5,150
2,151
3,151
4,151
5,151
2,152
3,152
4,152
5,152
1,153
2,153
3,153
4,153
5,153
2,154
3,154
4,154
5,154
2,155
3,155
4,155
5,155
2,156
2,157
3,157
4,157
5,157
2,158
3,158
4,158
5,158
5,159
2,160
3,160
4,160
5,160
2,161
3,161
4,161
5,161
2,162
3,162
4,162
5,162
2,163
3,163
4,163
5,163
2,164
3,164
4,164
5,164
2,165
3,165
4,165
5,165
2,166
3,166
4,166
5,166
2,167
3,167
4,167
2,168
3,168
4,168
5,168
2,169
3,169
4,169
5,169
2,170
3,170
4,170
5,170
2,171
3,171
4,171
5,171
2,172
3,172
4,172
5,172
2,173
3,173
4,173
5,173
2,174
3,174
4,174
5,174
2,175
3,175
4,175
5,175
2,176
3,176
4,176
5,176
2,177
3,177
4,177
5,177
2,178
3,178
4,178
5,178
2,179
3,179
4,179
5,179
2,180
3,180
4,180
5,180
2,181
3,181
4,181
5,181
2,182
3,182
4,182
5,182
5,183
2,184
3,184
4,184
5,184
2,185
3,185
4,185
5,185
2,186
3,186
4,186
5,186
2,187
3,187
4,187
5,187
2,188
3,188
4,188
5,188
2,189
3,189
4,189
5,189
2,190
3,190
4,190
5,190
2,191
3,191
4,191
5,191
2,192
3,192
4,192
5,192
2,193
3,193
4,193
5,193
2,194
3,194
4,194
5,194
2,195
3,195
4,195
5,195
2,196
3,196
4,196
5,196
2,197
3,197
4,197
5,197
2,198
3,198
4,198
5,198
2,199
3,199
4,199
2,200
3,200
4,200
2,201
3,201
4,201
5,201
2,202
3,202
4,202
5,202
2,203
3,203
4,203
5,203
2,204
3,204
4,204
5,204
1,205
2,205
3,205
4,205
5,205
2,206
3,206
4,206
5,206
1,207
2,207
3,207
4,207
5,207
2,208
3,208
4,208
2,209
3,209
4,209
5,209
1,210
2,210
3,210
4,210
5,210
1,211
2,211
3,211
4,211
5,211
1,212
2,212
2,213
3,213
4,213
5,213
2,214
3,214
4,214
2,215
3,215
4,215
5,215
2,216
3,216
4,216
2,217
3,217
4,217
5,217
5,218
2,219
3,219
4,219
1,220
2,220
3,220
4,220
5,220
5,221
1,222
2,222
3,222
4,222
5,222
1,223
2,223
3,223
4,223
5,223
1,224
2,224
3,224
4,224
5,224
2,225
3,225
4,225
2,226
3,226
4,226
1,227
2,227
3,227
4,227
5,227
2,228
3,228
4,228
1,229
2,229
3,229
4,229
5,229
1,230
2,230
3,230
4,230
5,230
5,231
5,232
1,233
2,233
2,234
3,234
4,234
1,235
2,235
3,235
4,235
5,235
5,236
2,237
3,237
4,237
2,238
3,238
4,238
5,239
1,240
2,240
3,240
4,240
5,240
5,241
5,242
1,243
2,243
3,243
4,243
5,243
2,244
2,245
3,245
4,245
2,246
3,246
4,246
1,247
2,247
3,247
4,247
5,247
1,248
2,248
3,248
4,248
5,248
1,249
2,250
3,250
4,250
5,250
1,251
2,251
5,252
5,253
5,254
2,255
3,255
4,255
2,256
3,256
2,257
1,258
2,258
3,258
4,258
5,258
1,259
2,259
3,259
4,259
5,259
5,260
1,261
2,261
3,261
4,261
5,261
1,262
2,262
3,262
4,262
5,262
1,263
2,263
3,263
4,263
5,263
1,264
2,264
3,264
4,264
5,264
2,265
3,265
4,265
5,266
1,267
2,267
3,267
1,268
2,268
3,268
4,268
5,268
1,269
2,269
3,269
4,269
5,269
1,270
2,270
3,270
4,270
5,270
1,271
2,271
3,271
4,271
5,271
1,272
2,272
3,272
4,272
5,272
5,273
2,274
3,274
4,274
1,275
1,276
2,277
3,277
4,277
1,278
2,279
3,279
4,279
2,280
3,280
4,280
1,281
2,281
3,281
4,281
5,281
1,282
2,282
3,282
4,282
5,282
2,283
3,283
4,283
2,284
3,284
4,284
5,284
2,285
1,286
2,286
1,287
2,287
1,288
2,288
3,288
4,288
5,288
1,289
2,289
3,289
4,289
5,289
1,290
2,290
3,290
4,290
5,290
1,291
2,291
3,291
4,291
5,291
4,292
5,292
4,293
5,293
5,294
2,295
3,295
4,295
5,295
3,296
4,296
2,297
3,297
4,297
5,297
1,298
2,298
3,298
4,298
5,298
2,299
3,299
4,299
5,299
1,300
2,300
3,300
4,300
5,300
3,301
4,301
5,301
3,302
4,302
5,302
3,303
4,303
5,303
5,304
1,305
2,305
3,305
4,305
5,305
1,306
2,306
3,306
4,306
5,306
1,307
2,307
3,307
4,307
5,307
1,308
2,308
1,309
2,309
3,309
4,309
5,309
2,310
3,310
4,310
5,310
3,311
4,311
5,311
2,312
3,312
4,312
5,312
2,313
3,313
4,313
5,313
2,314
3,314
4,314
5,314
5,315
2,316
3,316
4,316
5,316
2,317
3,317
4,317
1,318
2,318
1,319
2,319
3,319
4,319
5,319
2,320
3,320
4,320
2,321
3,321
4,321
1,322
2,322
3,322
4,322
5,322
2,323
3,323
4,323
1,324
2,324
3,324
4,324
5,324
2,325
3,325
4,325
2,326
3,326
4,326
1,327
2,327
2,328
3,328
4,328
2,329
3,329
4,329
1,330
2,330
3,330
4,330
5,330
2,331
3,331
4,331
5,331
2,332
3,332
4,332
4,333
5,333
1,334
2,334
3,334
4,334
5,334
2,335
1,336
2,337
3,337
4,337
1,338
2,338
3,338
4,338
5,338
3,339
4,339
5,339
1,340
2,340
3,340
4,340
5,340
5,341
2,342
3,342
4,342
2,343
3,343
4,343
2,344
3,344
4,344
5,345
1,346
2,346
3,346
4,346
5,346
2,347
3,347
4,347
2,348
3,348
4,348
1,349
2,349
3,349
4,349
5,349
5,350
2,351
3,351
4,351
2,352
3,352
4,352
1,353
2,353
1,354
2,354
3,354
4,354
5,354
2,355
3,355
4,355
2,356
3,356
4,356
5,356
5,357
2,358
3,358
4,358
1,359
2,359
3,359
4,359
5,359
2,360
3,360
4,360
2,361
3,361
4,361
5,361
4,362
5,362
2,363
3,363
4,363
1,364
2,364
1,365
2,366
3,366
4,366
1,367
2,367
3,367
4,367
5,367
2,368
3,368
4,368
1,369
2,369
3,369
4,369
5,369
1,370
2,370
1,371
2,371
3,371
4,371
5,371
5,372
5,373
1,374
2,374
3,374
4,374
5,374
5,375
2,376
3,376
4,376
5,376
1,377
2,377
3,377
4,377
5,377
1,378
2,378
3,378
4,378
5,378
2,379
3,379
4,379
2,380
3,380
4,380
5,380
1,381
2,381
3,381
4,381
5,381
2,382
3,382
4,382
2,383
3,383
4,383
5,384
1,385
2,385
3,385
4,385
5,385
1,386
2,386
3,386
4,386
5,386
2,387
3,387
4,387
1,388
2,388
3,388
4,388
5,388
5,389
5,390
1,391
2,391
3,391
4,391
5,391
2,392
3,392
4,392
2,393
3,393
4,393
5,394
1,395
2,395
3,395
4,395
5,395
1,396
2,396
3,396
4,396
5,396
5,397
5,398
1,399
2,399
3,399
4,399
5,399
1,400
2,400
3,400
4,400
5,400
1,401
1,402
1,403
1,404
2,404
3,404
4,404
5,404
2,405
3,405
4,405
2,406
3,406
4,406
5,406
5,407
2,408
3,408
4,408
1,409
2,409
3,409
4,409
5,409
2,410
3,410
4,410
1,411
2,411
3,411
4,411
5,411
1,412
2,412
3,412
4,412
5,412
2,413
3,413
4,413
2,414
3,414
4,414
1,415
2,415
3,415
4,415
5,415
1,416
2,416
2,417
2,418
3,418
4,418
5,418
2,419
3,419
4,419
1,420
2,420
3,420
4,420
5,420
1,421
2,421
3,421
4,421
5,421
5,422
2,423
3,423
4,423
2,424
3,424
4,424
1,425
2,425
3,425
4,425
5,425
2,426
3,426
4,426
5,426
1,427
2,427
3,427
4,427
5,427
1,428
2,428
3,428
4,428
5,428
2,429
3,429
4,429
5,429
1,430
2,430
3,430
4,430
5,430
1,431
2,431
2,432
3,432
1,433
2,433
2,434
3,434
4,434
5,434
1,435
2,435
3,435
4,435
5,435
1,436
2,436
1,437
2,437
3,437
4,437
5,437
2,438
3,438
4,438
1,439
2,439
3,439
4,439
5,439
1,440
2,440
2,441
3,441
4,441
1,442
2,442
2,443
3,443
4,443
1,444
2,444
3,444
4,444
5,444
5,445
1,446
1,447
2,447
2,448
3,448
4,448
5,448
5,449
2,450
2,451
2,452
3,452
4,452
2,453
3,453
4,453
5,453
1,454
2,454
3,454
4,454
5,454
2,455
5,456
2,457
5,458
2,459
3,459
4,459
5,460
1,461
2,461
3,461
4,461
5,461
5,462
1,463
2,463
3,463
4,463
5,463
2,464
3,464
4,464
1,465
2,465
3,465
4,465
5,465
1,466
2,466
1,467
2,467
1,468
2,468
3,468
4,468
5,468
1,469
2,469
1,470
2,470
3,470
4,470
5,470
1,471
2,471
3,471
4,471
5,471
1,472
2,472
3,472
4,472
5,472
2,473
3,473
4,473
5,474
2,475
3,475
4,475
1,476
2,476
3,476
4,476
5,476
2,477
2,478
3,478
4,478
5,478
2,479
3,479
4,479
1,480
2,480
3,480
4,480
5,480
1,481
1,482
2,482
1,483
5,484
5,485
1,486
2,486
3,486
4,486
5,486
5,487
2,488
3,488
4,488
5,488
2,489
2,490
3,490
4,490
2,491
3,491
4,491
2,492
3,492
4,492
5,493
1,494
2,494
2,495
3,495
4,495
1,496
2,496
3,496
4,496
5,496
2,497
3,497
4,497
1,498
2,498
3,498
4,498
5,498
1,499
2,499
3,499
4,499
5,499
1,500
1,501
2,501
2,502
3,502
4,502
2,503
3,503
4,503
2,504
5,505
2,506
3,506
4,506
2,507
3,507
2,508
3,508
4,508
2,509
3,509
4,509
2,510
1,511
2,511
3,511
4,511
5,511
2,512
2,513
3,513
4,513
1,514
2,514
3,514
4,514
5,514
2,515
3,515
4,515
2,516
2,517
3,517
4,517
1,518
5,519
5,520
5,521
2,522
3,522
4,522
2,523
3,523
4,523
5,524
2,525
3,525
4,525
2,526
3,526
4,526
2,527
3,527
4,527
5,527
3,528
4,528
5,528
1,529
2,529
3,529
4,529
5,529
1,530
2,530
3,530
4,530
5,530
2,531
3,531
4,531
2,532
3,532
4,532
1,533
2,533
3,533
4,533
5,533
1,534
2,534
3,534
4,534
5,534
5,535
2,536
1,537
2,537
3,537
4,537
5,537
1,538
2,538
3,538
4,538
5,538
1,539
2,539
3,539
4,539
5,539
1,540
2,540
2,541
3,541
4,541
5,541
1,542
2,542
2,543
3,543
4,543
2,544
3,544
4,544
2,545
5,546
2,547
3,547
4,547
2,548
3,548
4,548
2,549
3,549
4,549
1,550
2,550
3,550
4,550
5,551
1,552
2,552
3,552
4,552
5,552
2,553
3,553
4,553
5,553
1,554
2,554
3,554
4,554
5,554
1,555
2,555
3,555
4,555
5,555
2,556
3,556
4,556
5,556
1,557
2,557
1,558
2,559
3,559
4,559
2,560
3,560
4,560
2,561
3,561
4,561
5,562
2,563
3,563
4,563
5,563
1,564
2,564
1,565
2,565
3,565
4,565
5,565
1,566
2,566
3,566
4,566
1,567
2,568
3,568
4,568
5,568
1,569
2,570
3,570
4,570
5,570
1,571
2,571
1,572
2,572
3,572
4,572
5,572
1,573
2,573
3,573
4,573
5,573
1,574
2,574
3,574
4,574
5,574
2,575
3,575
4,575
2,576
3,576
4,576
5,576
1,577
2,577
3,577
4,577
5,577
2,578
3,578
4,578
5,578
2,579
1,580
2,580
3,580
4,580
5,580
2,581
3,581
4,581
5,581
2,582
3,582
4,582
1,583
2,583
3,583
4,583
5,583
2,584
2,585
3,585
4,585
5,585
2,586
3,586
4,586
2,587
3,587
4,587
1,588
2,588
3,588
4,588
5,588
2,589
3,589
4,589
5,589
2,590
3,590
4,590
5,590
2,591
3,591
4,591
2,592
3,592
4,592
5,592
1,593
2,593
3,593
4,593
5,593
2,594
3,594
4,594
5,594
1,595
2,595
3,595
4,595
5,595
2,596
3,596
4,596
2,597
3,597
4,597
5,597
2,598
3,598
4,598
5,598
2,599
3,599
4,599
2,600
3,600
4,600
5,600
2,601
3,601
4,601
5,601
1,602
2,602
1,603
2,604
3,604
4,604
5,604
2,605
3,605
4,605
5,605
2,606
3,606
4,606
5,606
2,607
3,607
4,607
2,608
3,608
4,608
2,609
3,609
4,609
1,610
2,610
1,611
2,611
3,611
4,611
5,611
5,612
2,613
3,613
4,613
1,614
2,614
3,614
4,614
5,614
2,615
3,615
4,615
1,616
2,616
2,617
3,617
4,617
1,618
2,618
3,618
4,618
5,618
2,619
3,619
4,619
5,620
2,621
3,621
4,621
5,622
2,623
3,623
4,623
5,623
5,624
2,625
3,625
4,625
1,626
2,626
3,626
4,626
5,626
2,627
3,627
4,627
5,627
1,628
2,628
3,628
4,628
5,628
1,629
2,629
3,629
4,629
5,629
1,630
2,630
3,630
4,630
5,630
5,631
1,632
1,633
2,633
3,633
4,633
5,633
5,634
2,635
3,635
4,635
2,636
3,636
4,636
2,637
3,637
4,637
1,638
2,638
3,638
4,638
5,638
2,639
3,639
4,639
2,640
3,640
4,640
5,640
1,641
2,641
2,642
3,642
4,642
2,643
3,643
4,643
2,644
3,644
4,644
1,645
2,645
2,646
3,646
4,646
5,646
1,647
2,647
2,648
2,649
3,649
4,649
2,650
2,651
3,651
4,651
5,651
2,652
3,652
4,652
5,652
2,653
3,653
4,653
5,653
2,654
3,654
4,654
5,654
2,655
3,655
4,655
5,655
2,656
3,656
4,656
1,657
2,657
3,657
4,657
5,657
2,658
3,658
4,658
5,658
2,659
3,659
4,659
5,659
5,660
1,661
2,661
3,661
4,661
5,661
4,662
5,662
5,663
2,664
3,664
4,664
2,665
3,665
4,665
5,665
2,666
3,666
4,666
5,666
3,667
4,667
5,667
5,668
5,669
2,670
3,670
4,670
2,671
1,672
1,673
2,673
3,673
2,674
3,674
4,674
1,675
2,675
2,676
3,676
4,676
1,677
2,677
3,677
4,677
5,677
5,678
2,679
3,679
4,679
5,679
2,680
5,681
1,682
2,682
3,682
4,682
5,682
2,683
3,683
4,683
1,684
2,684
5,685
5,686
2,687
3,687
4,687
2,688
3,688
4,688
2,689
3,689
4,689
5,690
2,691
3,691
4,691
1,692
2,692
2,693
3,693
4,693
2,694
3,694
4,694
5,694
2,695
3,695
4,695
1,696
2,696
3,696
4,696
5,696
1,697
2,697
3,697
4,697
5,697
2,698
3,698
4,698
1,699
2,699
3,699
4,699
5,699
2,700
1,701
2,701
3,701
4,701
5,701
2,702
3,702
4,702
1,703
2,703
3,703
4,703
5,703
1,704
2,704
3,704
4,704
5,704
5,705
1,706
2,706
3,706
4,706
5,706
1,707
2,707
3,707
4,707
5,707
2,708
3,708
4,708
5,708
2,709
3,709
4,709
2,710
3,710
4,710
5,710
2,711
3,711
4,711
2,712
3,712
4,712
2,713
3,713
4,713
1,714
2,714
3,714
4,714
5,714
1,715
2,715
3,715
4,715
5,715
1,716
2,716
3,716
4,716
5,716
2,717
3,717
4,717
5,717
2,718
3,718
4,718
1,719
2,719
1,720
2,720
3,720
4,720
5,720
1,721
2,721
3,721
4,721
5,721
2,722
3,722
4,722
1,723
2,723
2,724
3,724
4,724
5,725
2,726
3,726
4,726
5,726
2,727
3,727
4,727
2,728
3,728
4,728
5,729
2,730
3,730
4,730
1,731
2,731
2,732
3,732
4,732
2,733
3,733
4,733
2,734
3,734
4,734
2,735
3,735
4,735
5,735
2,736
3,736
4,736
5,736
1,737
2,737
2,738
3,738
4,738
5,738
2,739
3,739
4,739
1,740
2,740
3,740
4,740
5,740
1,741
2,741
3,741
4,741
5,741
5,742
5,743
2,744
3,744
4,744
1,745
2,745
3,745
4,745
5,745
1,746
2,747
3,747
4,747
2,748
3,748
4,748
2,749
2,750
3,750
4,750
2,751
3,751
4,751
5,751
2,752
3,752
4,752
5,752
1,753
2,753
3,753
4,753
5,753
1,754
5,755
1,756
2,756
3,756
4,756
5,756
1,757
2,757
5,758
2,759
3,759
4,759
2,760
3,760
4,760
2,761
3,761
4,761
2,762
3,762
4,762
1,763
2,763
3,763
4,763
5,763
5,764
2,765
3,765
4,765
5,765
1,766
1,767
2,767
3,767
4,767
5,767
1,768
2,768
2,769
3,769
4,769
2,770
3,770
4,770
5,770
1,771
2,771
3,771
4,771
5,771
5,772
2,773
3,773
4,773
2,774
3,774
4,774
1,775
2,775
3,775
4,775
5,775
1,776
2,776
3,776
4,776
5,776
2,777
3,777
4,777
1,778
2,778
3,778
4,778
5,778
2,779
3,779
4,779
5,779
2,780
3,780
4,780
1,781
2,781
3,781
4,781
5,781
2,782
1,783
2,783
3,783
4,783
5,783
1,784
2,784
3,784
4,784
5,784
1,785
2,785
3,785
4,785
5,785
2,786
3,786
4,786
2,787
3,787
4,787
1,788
2,788
3,788
4,788
5,788
2,789
3,789
4,789
2,790
3,790
4,790
2,791
3,791
4,791
1,792
1,793
2,793
1,794
2,794
3,794
4,794
2,795
3,795
4,795
5,795
2,796
3,796
4,796
2,797
3,797
4,797
2,798
3,798
4,798
2,799
3,799
4,799
5,800
2,801
3,801
4,801
1,802
2,802
3,802
4,802
5,802
1,803
2,803
3,803
4,803
5,803
2,804
3,804
4,804
2,805
3,805
4,805
2,806
3,806
4,806
2,807
3,807
4,807
1,808
2,808
3,808
4,808
5,808
3,809
4,809
5,809
2,810
3,810
4,810
2,811
3,811
4,811
5,811
1,812
2,812
3,812
4,812
5,812
2,813
3,813
4,813
5,813
1,814
2,814
3,814
4,814
5,814
1,815
2,815
3,815
4,815
5,815
1,816
2,816
3,816
4,816
5,816
2,817
3,817
4,817
2,818
3,818
4,818
1,819
2,819
3,819
4,819
5,819
1,820
2,820
3,820
4,820
5,820
5,821
1,822
1,823
2,823
2,824
3,824
4,824
5,824
2,825
3,825
4,825
5,825
2,826
3,826
4,826
2,827
3,827
4,827
2,828
3,828
4,828
5,829
1,830
2,830
3,830
4,830
5,830
2,831
3,831
4,831
5,831
1,832
2,832
3,832
4,832
5,832
2,833
3,833
4,833
5,834
2,835
3,835
4,835
2,836
1,837
2,838
3,838
4,838
1,839
2,839
3,839
4,839
5,839
1,840
2,840
1,841
2,841
3,841
4,841
5,841
2,842
2,843
3,843
4,843
5,843
2,844
2,845
3,845
4,845
5,846
1,847
2,847
2,848
3,848
4,848
5,849
5,850
1,851
2,851
3,851
4,851
5,851
1,852
2,852
3,852
4,852
5,852
1,853
2,853
3,853
4,853
5,853
1,854
2,854
3,854
4,854
5,854
1,855
2,855
1,856
2,856
3,856
4,856
5,856
1,857
2,857
3,857
4,857
5,857
1,858
2,858
3,858
4,858
5,858
1,859
2,860
3,860
4,860
5,860
2,861
3,861
4,861
5,861
2,862
3,862
4,862
2,863
3,863
4,863
2,864
3,864
4,864
1,865
2,865
2,866
3,866
4,866
1,867
2,867
1,868
2,868
3,868
4,868
5,868
2,869
3,869
4,869
5,869
5,870
2,871
3,871
4,871
5,871
1,872
2,872
3,872
4,872
5,872
2,873
3,873
4,873
5,873
2,874
3,874
4,874
5,875
1,876
2,876
3,876
4,876
5,876
1,877
2,877
3,877
4,877
5,877
5,878
2,879
3,879
4,879
5,879
2,880
3,880
4,880
5,880
2,881
3,881
4,881
2,882
3,882
4,882
5,882
1,883
2,883
3,883
4,883
1,884
2,885
3,885
4,885
5,885
2,886
2,887
3,887
4,887
2,888
3,888
4,888
1,889
2,889
3,889
4,889
5,889
1,890
2,890
3,890
4,890
5,890
2,891
3,891
4,891
5,892
2,893
3,893
4,893
5,893
2,894
3,894
4,894
1,895
2,895
3,895
4,895
5,895
1,896
2,896
3,896
4,896
5,896
5,897
1,898
2,898
3,898
4,898
5,898
2,899
3,899
4,899
1,900
2,900
3,900
4,900
5,900
2,901
3,901
4,901
5,901
2,902
3,902
4,902
2,903
3,903
4,903
5,904
1,905
2,905
3,905
4,905
5,905
2,906
3,906
4,906
1,907
2,907
3,907
4,907
5,907
1,908
2,908
3,908
4,908
5,908
1,909
2,909
3,909
4,909
5,909
2,910
3,910
4,910
2,911
3,911
4,911
1,912
2,912
2,913
3,913
4,913
1,914
2,914
3,914
4,914
5,914
2,915
3,915
4,915
1,916
2,916
3,916
4,916
5,916
2,917
2,918
3,918
4,918
2,919
3,919
4,919
5,920
1,921
2,922
3,922
4,922
5,922
2,923
3,923
4,923
2,924
3,924
4,924
5,925
1,926
2,926
3,926
4,926
5,926
2,927
3,927
4,927
1,928
2,928
3,928
4,928
5,928
2,929
3,929
4,929
1,930
2,930
1,931
2,931
2,932
3,932
4,932
1,933
2,933
1,934
2,934
3,934
4,934
5,934
2,935
3,935
4,935
5,935
1,936
2,936
1,937
2,937
1,938
2,939
3,939
4,939
2,940
3,940
4,940
2,941
3,941
4,941
2,942
3,942
4,942
1,943
2,943
3,943
4,943
5,943
1,944
2,944
3,944
4,944
5,944
2,945
3,945
4,945
1,946
2,946
3,946
4,946
5,946
2,947
3,947
4,947
5,947
2,948
3,948
4,948
5,948
1,949
2,949
3,949
4,949
5,949
1,950
1,951
2,951
3,951
4,951
5,951
2,952
3,952
4,952
5,952
1,953
2,953
1,954
2,954
3,954
4,954
5,954
2,955
3,955
4,955
2,956
3,956
4,956
5,956
2,957
3,957
4,957
1,958
1,959
2,960
3,960
4,960
2,961
3,961
4,961
2,962
3,962
4,962
2,963
3,963
4,963
2,964
3,964
4,964
5,964
2,965
2,966
3,966
4,966
1,967
2,967
3,967
4,967
5,967
1,968
2,968
3,968
4,968
5,968
5,969
2,970
3,970
4,970
1,971
2,971
3,971
4,971
5,971
2,972
3,972
4,972
5,972
2,973
3,973
4,973
2,974
3,974
4,974
1,975
2,975
3,975
4,975
5,975
2,976
3,976
4,976
2,977
3,977
4,977
5,978
5,979
2,980
3,980
4,980
1,981
2,981
1,982
2,983
3,983
4,983
5,984
1,985
2,985
3,985
4,985
5,985
1,986
2,986
3,986
4,986
1,987
2,987
3,987
4,987
5,987
1,988
2,988
3,988
4,988
5,988
2,989
3,989
4,989
5,989
1,990
2,990
3,990
4,990
5,990
1,991
2,991
3,991
4,991
1,992
2,992
3,992
4,992
5,992
1,993
2,993
3,993
4,993
1,994
2,994
3,994
4,994
5,994
1,995
2,995
3,995
4,995
5,995
1,996
2,996
3,996
4,996
2,997
3,997
4,997
1,998
2,998
3,998
4,998
5,998
2,999
3,999
4,999
4,1000
5,1000
5,1001
4,1002
5,1002
2,1003
3,1003
4,1003
1,1004
2,1004
2,1005
5,1006
2,1007
3,1007
4,1007
1,1008
2,1008
3,1008
4,1008
5,1008
1,1009
1,1010
2,1010
3,1010
4,1010
5,1010
2,1011
3,1011
4,1011
5,1011
5,1012
1,1013
2,1013
2,1014
2,1015
3,1015
4,1015
2,1016
3,1016
4,1016
5,1016
2,1017
3,1017
4,1017
1,1018
5,1019
1,1020
2,1020
2,1021
3,1021
4,1021
1,1022
2,1022
3,1022
4,1022
5,1022
2,1023
3,1023
4,1023
5,1024
1,1025
2,1025
3,1025
4,1025
5,1025
5,1026
2,1027
3,1027
4,1027
5,1027
1,1028
2,1028
3,1028
4,1028
5,1028
2,1029
3,1029
4,1029
2,1030
3,1030
4,1030
5,1031
5,1032
5,1033
5,1034
2,1035
3,1035
4,1035
2,1036
3,1036
4,1036
2,1037
3,1037
4,1037
5,1037
2,1038
3,1038
4,1038
2,1039
3,1039
4,1039
5,1039
5,1040
1,1041
2,1041
3,1041
4,1041
5,1041
2,1042
3,1042
4,1042
5,1042
1,1043
2,1043
3,1043
4,1043
5,1043
1,1044
2,1044
3,1044
4,1044
5,1044
2,1045
3,1045
4,1045
1,1046
5,1047
1,1048
2,1048
3,1048
4,1048
5,1048
1,1049
2,1049
3,1049
4,1049
5,1049
5,1050
1,1051
2,1051
3,1051
4,1051
5,1051
2,1052
3,1052
4,1052
5,1052
2,1053
3,1053
4,1053
5,1054
1,1055
2,1055
3,1055
4,1055
5,1055
1,1056
2,1056
3,1056
4,1056
5,1056
1,1057
2,1057
3,1057
4,1057
5,1057
1,1058
2,1058
3,1058
4,1058
5,1058
2,1059
3,1059
4,1059
1,1060
2,1060
1,1061
2,1061
3,1061
4,1061
5,1061
5,1062
2,1063
3,1063
4,1063
2,1064
3,1064
4,1064
5,1064
2,1065
3,1065
4,1065
5,1066
2,1067
3,1067
4,1067
1,1068
2,1068
3,1068
4,1068
5,1068
1,1069
2,1069
3,1069
4,1069
5,1069
5,1070
1,1071
2,1071
2,1072
3,1072
4,1072
1,1073
2,1073
3,1073
4,1073
5,1073
1,1074
2,1074
3,1074
4,1074
5,1074
2,1075
3,1075
4,1075
5,1075
1,1076
2,1076
3,1076
4,1076
5,1076
1,1077
2,1077
3,1077
4,1077
5,1077
2,1078
3,1078
4,1078
5,1078
2,1079
3,1079
4,1079
1,1080
2,1080
3,1080
4,1080
5,1080
1,1081
2,1081
3,1081
4,1081
5,1081
5,1082
1,1083
2,1083
3,1083
4,1083
5,1083
2,1084
3,1084
4,1084
2,1085
3,1085
4,1085
5,1085
1,1086
2,1086
3,1086
4,1086
5,1086
1,1087
2,1087
2,1088
3,1088
4,1088
1,1089
2,1089
3,1089
4,1089
5,1089
1,1090
2,1090
3,1090
4,1090
5,1090
1,1091
2,1091
3,1091
2,1092
3,1092
4,1092
5,1092
2,1093
3,1093
4,1093
5,1093
5,1094
2,1095
3,1095
4,1095
5,1095
2,1096
3,1096
4,1096
2,1097
3,1097
4,1097
2,1098
1,1099
2,1099
3,1099
4,1099
5,1099
2,1100
3,1100
4,1100
5,1100
2,1101
3,1101
4,1101
2,1102
3,1102
4,1102
1,1103
2,1103
1,1104
2,1104
2,1105
3,1105
4,1105
5,1105
2,1106
3,1106
4,1106
5,1106
2,1107
3,1107
4,1107
5,1107
2,1108
3,1108
4,1108
5,1108
2,1109
3,1109
4,1109
5,1109
2,1110
3,1110
4,1110
5,1110
1,1111
2,1111
3,1111
4,1111
5,1111
2,1112
3,1112
4,1112
5,1112
2,1113
3,1113
4,1113
5,1113
1,1114
2,1114
3,1114
4,1114
5,1114
2,1115
3,1115
4,1115
5,1115
1,1116
2,1116
3,1116
4,1116
5,1116
2,1117
3,1117
4,1117
5,1117
5,1118
2,1119
3,1119
4,1119
5,1119
5,1120
1,1121
2,1121
3,1121
4,1121
5,1121
1,1122
2,1122
3,1122
4,1122
5,1122
1,1123
2,1123
5,1124
5,1125
2,1126
3,1126
4,1126
5,1126
1,1127
2,1127
3,1127
4,1127
5,1127
2,1128
3,1128
4,1128
2,1129
3,1129
4,1129
5,1129
2,1130
3,1130
4,1130
1,1131
2,1131
3,1131
4,1131
5,1131
2,1132
3,1132
4,1132
5,1132
2,1133
3,1133
4,1133
5,1133
1,1134
2,1134
3,1134
4,1134
5,1134
5,1135
2,1136
3,1136
4,1136
5,1136
1,1137
2,1137
3,1137
4,1137
5,1137
2,1138
3,1138
4,1138
5,1138
1,1139
2,1139
2,1140
3,1140
4,1140
5,1140
2,1141
3,1141
4,1141
5,1141
1,1142
2,1142
3,1142
4,1142
5,1142
2,1143
3,1143
4,1143
5,1143
2,1144
3,1144
4,1144
1,1145
2,1145
2,1146
3,1146
4,1146
1,1147
2,1148
3,1148
4,1148
5,1148
1,1149
2,1149
3,1149
4,1149
5,1149
1,1150
2,1151
3,1151
4,1151
2,1152
3,1152
4,1152
2,1153
3,1153
4,1153
5,1153
2,1154
3,1154
4,1154
5,1154
2,1155
3,1155
4,1155
5,1155
2,1156
3,1156
4,1156
5,1156
2,1157
3,1157
4,1157
5,1157
5,1158
5,1159
2,1160
3,1160
4,1160
5,1160
1,1161
2,1161
1,1162
2,1162
2,1163
3,1163
4,1163
5,1163
2,1164
3,1164
4,1164
5,1164
2,1165
3,1165
4,1165
5,1165
2,1166
3,1166
4,1166
5,1166
2,1167
3,1167
4,1167
5,1167
2,1168
3,1168
4,1168
5,1168
1,1169
2,1169
2,1170
3,1170
4,1170
5,1170
2,1171
3,1171
4,1171
5,1171
2,1172
3,1172
4,1172
5,1172
2,1173
3,1173
4,1173
2,1174
3,1174
2,1175
3,1175
4,1175
5,1175
2,1176
3,1176
4,1176
1,1177
2,1177
3,1177
4,1177
5,1177
2,1178
3,1178
4,1178
5,1178
2,1179
3,1179
4,1179
2,1180
3,1180
4,1180
5,1180
3,1181
4,1181
2,1182
3,1182
4,1182
2,1183
3,1183
4,1183
2,1184
3,1184
4,1184
2,1185
3,1185
4,1185
5,1185
1,1186
2,1186
2,1187
3,1187
4,1187
5,1187
2,1188
3,1188
4,1188
5,1189
2,1190
3,1190
4,1190
5,1190
1,1191
2,1191
3,1191
4,1191
5,1191
5,1192
2,1193
3,1193
4,1193
5,1193
1,1194
2,1194
3,1194
4,1194
5,1194
1,1195
2,1195
3,1195
4,1195
5,1195
2,1196
3,1196
4,1196
5,1196
1,1197
2,1197
3,1197
4,1197
5,1197
1,1198
2,1198
2,1199
3,1199
4,1199
5,1199
2,1200
3,1200
4,1200
5,1200
2,1201
3,1201
4,1201
5,1201
2,1202
3,1202
4,1202
5,1202
2,1203
3,1203
4,1203
5,1203
2,1204
3,1204
4,1204
5,1204
2,1205
3,1205
4,1205
2,1206
3,1206
4,1206
5,1206
2,1207
3,1207
4,1207
5,1207
2,1208
3,1208
4,1208
5,1208
2,1209
3,1209
4,1209
5,1209
2,1210
3,1210
4,1210
5,1210
2,1211
3,1211
4,1211
1,1212
2,1212
3,1212
4,1212
5,1212
1,1213
2,1213
2,1214
3,1214
4,1214
5,1214
1,1215
2,1215
2,1216
1,1217
2,1217
3,1217
4,1217
5,1217
2,1218
3,1218
4,1218
5,1218
2,1219
3,1219
4,1219
5,1219
1,1220
2,1220
3,1220
4,1220
5,1220
1,1221
2,1221
3,1221
4,1221
5,1221
2,1222
3,1222
4,1222
5,1222
5,1223
2,1224
3,1224
4,1224
5,1225
2,1226
3,1226
4,1226
5,1226
2,1227
3,1227
4,1227
5,1227
1,1228
2,1228
1,1229
5,1230
1,1231
2,1231
3,1231
4,1231
5,1231
1,1232
2,1232
3,1232
1,1233
2,1233
3,1233
4,1233
5,1233
2,1234
3,1234
4,1234
1,1235
2,1235
3,1235
4,1235
5,1235
2,1236
3,1236
4,1236
2,1237
3,1237
4,1237
2,1238
3,1238
4,1238
5,1238
1,1239
2,1239
5,1240
5,1241
1,1242
2,1242
3,1242
4,1242
5,1242
2,1243
3,1243
4,1243
5,1243
1,1244
2,1244
1,1245
2,1245
1,1246
2,1246
3,1246
4,1246
5,1246
1,1247
5,1248
1,1249
2,1249
3,1249
4,1249
5,1249
2,1250
3,1250
4,1250
2,1251
3,1251
4,1251
1,1252
2,1252
3,1252
4,1252
5,1252
1,1253
2,1253
3,1253
4,1253
5,1253
5,1254
1,1255
2,1255
3,1255
4,1255
5,1255
1,1256
2,1256
2,1257
3,1257
4,1257
5,1257
1,1258
2,1258
3,1258
4,1258
5,1258
1,1259
2,1259
3,1259
4,1259
5,1259
2,1260
2,1261
3,1261
4,1261
5,1261
1,1262
2,1262
3,1262
4,1262
5,1262
2,1263
3,1263
4,1263
5,1263
2,1264
3,1264
4,1264
5,1264
2,1265
3,1265
4,1265
2,1266
3,1266
4,1266
5,1266
2,1267
3,1267
4,1267
5,1267
1,1268
2,1268
2,1269
3,1269
4,1269
2,1270
3,1270
4,1270
5,1270
5,1271
1,1272
2,1272
5,1273
1,1274
2,1274
2,1275
3,1275
4,1275
1,1276
2,1276
3,1276
4,1276
5,1276
2,1277
3,1277
4,1277
1,1278
2,1278
2,1279
3,1279
4,1279
1,1280
2,1280
3,1280
4,1280
5,1280
5,1281
2,1282
3,1282
4,1282
5,1282
2,1283
3,1283
4,1283
5,1283
2,1284
3,1284
4,1284
5,1284
1,1285
2,1285
3,1285
4,1285
5,1285
2,1286
3,1286
4,1286
1,1287
2,1287
3,1287
4,1287
5,1287
1,1288
2,1288
3,1288
4,1288
5,1288
1,1289
2,1289
2,1290
3,1290
4,1290
5,1290
5,1291
2,1292
3,1292
4,1292
1,1293
2,1293
3,1293
4,1293
5,1293
1,1294
1,1295
2,1295
3,1295
4,1295
5,1295
2,1296
3,1296
4,1296
5,1297
2,1298
3,1298
4,1298
2,1299
3,1299
4,1299
5,1299
2,1300
3,1300
4,1300
5,1300
2,1301
3,1301
4,1301
1,1302
2,1302
1,1303
2,1303
3,1303
5,1304
5,1305
2,1306
3,1306
4,1306
2,1307
3,1307
4,1307
5,1307
1,1308
2,1308
3,1308
4,1308
5,1308
1,1309
2,1309
3,1309
4,1309
5,1309
2,1310
3,1310
4,1310
1,1311
2,1311
3,1311
4,1311
5,1311
1,1312
2,1312
3,1312
4,1312
5,1312
5,1313
2,1314
3,1314
4,1314
2,1315
3,1315
4,1315
5,1316
5,1317
2,1318
3,1318
4,1318
5,1318
2,1319
3,1319
4,1319
5,1319
2,1320
3,1320
4,1320
2,1321
3,1321
4,1321
5,1321
2,1322
3,1322
4,1322
5,1322
5,1323
2,1324
3,1324
4,1324
5,1324
5,1325
2,1326
3,1326
4,1326
5,1326
1,1327
2,1327
3,1327
4,1327
5,1327
5,1328
1,1329
2,1329
3,1329
4,1329
5,1329
2,1330
3,1330
4,1330
5,1330
5,1331
2,1332
2,1333
3,1333
4,1333
1,1334
2,1334
3,1334
4,1334
5,1334
2,1335
3,1335
4,1335
2,1336
3,1336
4,1336
2,1337
3,1337
4,1337
1,1338
2,1338
3,1338
4,1338
5,1338
1,1339
2,1339
3,1339
4,1339
5,1339
2,1340
3,1340
4,1340
2,1341
3,1341
4,1341
2,1342
3,1342
4,1342
5,1342
2,1343
3,1343
4,1343
2,1344
3,1344
4,1344
5,1344
2,1345
3,1345
4,1345
1,1346
2,1346
5,1347
5,1348
5,1349
2,1350
3,1350
4,1350
1,1351
2,1351
3,1351
4,1351
5,1351
5,1352
2,1353
3,1353
4,1353
5,1353
2,1354
1,1355
2,1355
2,1356
3,1356
4,1356
5,1356
2,1357
3,1357
4,1357
5,1357
2,1358
3,1358
4,1358
2,1359
3,1359
4,1359
5,1359
5,1360
1,1361
2,1361
3,1361
2,1362
3,1362
4,1362
5,1362
2,1363
3,1363
4,1363
5,1363
2,1364
3,1364
4,1364
5,1364
1,1365
2,1365
3,1365
4,1365
5,1365
5,1366
5,1367
1,1368
2,1368
2,1369
1,1370
2,1370
1,1371
2,1371
5,1372
1,1373
2,1373
3,1373
4,1373
5,1373
2,1374
3,1374
4,1374
5,1375
4,1376
5,1376
2,1377
3,1377
4,1377
5,1377
2,1378
3,1378
4,1378
5,1378
2,1379
3,1379
4,1379
5,1379
5,1380
2,1381
3,1381
4,1381
5,1381
1,1382
2,1382
3,1382
4,1382
5,1382
5,1383
2,1384
3,1384
4,1384
3,1385
4,1385
2,1386
3,1386
4,1386
2,1387
3,1387
4,1387
5,1387
5,1388
1,1389
2,1389
2,1390
3,1390
4,1390
5,1390
1,1391
2,1391
1,1392
5,1393
2,1394
3,1394
4,1394
5,1394
2,1395
3,1395
4,1395
2,1396
3,1396
4,1396
5,1396
2,1397
3,1397
4,1397
1,1398
2,1398
3,1398
4,1398
5,1398
2,1399
3,1399
4,1399
5,1399
1,1400
2,1400
3,1400
4,1400
5,1400
2,1401
3,1401
4,1401
2,1402
3,1402
4,1402
5,1402
1,1403
2,1403
2,1404
3,1404
4,1404
5,1404
2,1405
3,1405
4,1405
5,1405
2,1406
3,1406
4,1406
5,1406
2,1407
3,1407
4,1407
5,1407
2,1408
3,1408
4,1408
5,1408
2,1409
3,1409
4,1409
5,1409
2,1410
3,1410
4,1410
5,1410
2,1411
3,1411
4,1411
5,1411
2,1412
3,1412
4,1412
5,1412
2,1413
3,1413
4,1413
5,1413
2,1414
3,1414
4,1414
5,1414
1,1415
2,1415
5,1416
2,1417
3,1417
4,1417
2,1418
3,1418
4,1418
2,1419
3,1419
4,1419
5,1419
2,1420
3,1420
4,1420
5,1420
2,1421
3,1421
4,1421
5,1421
2,1422
3,1422
2,1423
3,1423
4,1423
2,1424
3,1424
4,1424
5,1424
5,1425
2,1426
3,1426
4,1426
5,1426
2,1427
3,1427
4,1427
5,1427
2,1428
3,1428
4,1428
5,1428
2,1429
3,1429
4,1429
5,1429
5,1430
2,1431
3,1431
4,1431
2,1432
3,1432
4,1432
2,1433
3,1433
4,1433
5,1433
1,1434
2,1434
3,1434
4,1434
5,1434
1,1435
2,1435
2,1436
3,1436
4,1436
2,1437
3,1437
4,1437
5,1437
2,1438
3,1438
4,1438
2,1439
3,1439
4,1439
5,1439
2,1440
3,1440
4,1440
5,1440
2,1441
3,1441
4,1441
5,1441
2,1442
3,1442
4,1442
5,1442
2,1443
3,1443
4,1443
5,1443
5,1444
2,1445
3,1445
4,1445
5,1445
2,1446
3,1446
4,1446
2,1447
3,1447
4,1447
2,1448
3,1448
4,1448
2,1449
3,1449
4,1449
2,1450
3,1450
4,1450
1,1451
2,1451
3,1451
4,1451
5,1451
5,1452
5,1453
2,1454
3,1454
4,1454
5,1454
2,1455
3,1455
4,1455
5,1455
2,1456
3,1456
4,1456
2,1457
3,1457
4,1457
5,1457
2,1458
3,1458
4,1458
2,1459
3,1459
4,1459
5,1459
1,1460
2,1460
3,1460
4,1460
5,1460
1,1461
2,1461
3,1461
4,1461
5,1461
2,1462
3,1462
4,1462
2,1463
3,1463
4,1463
5,1463
2,1464
3,1464
4,1464
5,1464
2,1465
3,1465
4,1465
2,1466
3,1466
4,1466
1,1467
2,1468
3,1468
4,1468
2,1469
3,1469
4,1469
5,1469
2,1470
3,1470
4,1470
1,1471
2,1471
3,1471
4,1471
5,1471
1,1472
2,1473
3,1473
4,1473
5,1473
1,1474
2,1474
3,1474
4,1474
5,1474
2,1475
3,1475
4,1475
5,1475
2,1476
3,1476
4,1476
5,1477
5,1478
2,1479
3,1479
4,1479
2,1480
3,1480
4,1480
5,1480
2,1481
3,1481
4,1481
5,1481
2,1482
3,1482
4,1482
5,1482
2,1483
3,1483
4,1483
5,1483
2,1484
3,1484
4,1484
5,1484
2,1485
3,1485
4,1485
5,1485
2,1486
3,1486
4,1486
5,1486
2,1487
3,1487
4,1487
5,1487
2,1488
3,1488
4,1488
5,1488
2,1489
3,1489
4,1489
5,1489
2,1490
3,1490
4,1490
5,1490
1,1491
2,1491
3,1491
4,1491
5,1491
2,1492
3,1492
4,1492
5,1492
1,1493
2,1493
3,1493
4,1493
5,1493
1,1494
2,1494
3,1494
4,1494
5,1494
5,1495
2,1496
2,1497
3,1497
4,1497
5,1497
2,1498
3,1498
4,1498
5,1498
2,1499
3,1499
4,1499
5,1499
2,1500
3,1500
4,1500
1,1501
2,1501
3,1501
4,1501
5,1501
5,1502
5,1503
2,1504
3,1504
4,1504
2,1505
3,1505
4,1505
2,1506
3,1506
4,1506
2,1507
3,1507
4,1507
5,1507
1,1508
2,1508
2,1509
3,1509
4,1509
5,1509
1,1510
2,1510
2,1511
3,1511
4,1511
5,1511
5,1512
1,1513
2,1513
2,1514
3,1514
4,1514
5,1514
5,1515
2,1516
3,1516
4,1516
5,1516
2,1517
3,1517
4,1517
5,1517
2,1518
3,1518
4,1518
5,1518
1,1519
2,1519
3,1519
4,1519
5,1519
5,1520
2,1521
3,1521
4,1521
2,1522
3,1522
4,1522
5,1522
2,1523
3,1523
4,1523
1,1524
2,1524
3,1524
4,1524
5,1524
1,1525
2,1525
3,1525
4,1525
5,1525
2,1526
3,1526
4,1526
2,1527
3,1527
4,1527
2,1528
3,1528
4,1528
2,1529
3,1529
4,1529
5,1529
2,1530
3,1530
4,1530
5,1530
2,1531
3,1531
4,1531
5,1531
2,1532
3,1532
4,1532
5,1532
2,1533
3,1533
4,1533
5,1533
2,1534
3,1534
4,1534
5,1534
2,1535
3,1535
4,1535
5,1535
2,1536
3,1536
4,1536
5,1536
2,1537
3,1537
4,1537
2,1538
3,1538
4,1538
5,1538
2,1539
3,1539
4,1539
5,1539
2,1540
3,1540
4,1540
5,1540
2,1541
3,1541
4,1541
5,1541
2,1542
3,1542
4,1542
5,1542
1,1543
2,1543
3,1543
4,1543
5,1543
1,1544
2,1544
3,1544
4,1544
5,1544
2,1545
3,1545
4,1545
5,1545
2,1546
3,1546
4,1546
5,1546
2,1547
3,1547
4,1547
5,1547
2,1548
3,1548
4,1548
5,1548
2,1549
3,1549
4,1549
5,1549
2,1550
3,1550
4,1550
5,1550
2,1551
3,1551
4,1551
5,1551
2,1552
3,1552
4,1552
5,1552
2,1553
3,1553
4,1553
5,1553
5,1554
2,1555
3,1555
4,1555
5,1555
5,1556
2,1557
3,1557
4,1557
5,1557
2,1558
3,1558
4,1558
5,1558
2,1559
3,1559
4,1559
5,1559
2,1560
3,1560
4,1560
2,1561
3,1561
4,1561
1,1562
2,1562
3,1562
4,1562
5,1562
2,1563
3,1563
4,1563
5,1563
2,1564
3,1564
4,1564
5,1564
2,1565
3,1565
4,1565
5,1565
2,1566
3,1566
4,1566
5,1566
2,1567
3,1567
4,1567
2,1568
3,1568
4,1568
2,1569
3,1569
4,1569
5,1569
2,1570
3,1570
4,1570
5,1570
2,1571
3,1571
4,1571
5,1571
1,1572
2,1572
2,1573
3,1573
4,1573
5,1573
2,1574
3,1574
4,1574
5,1574
2,1575
3,1575
4,1575
5,1575
2,1576
3,1576
4,1576
5,1576
2,1577
3,1577
4,1577
5,1577
2,1578
3,1578
4,1578
2,1579
3,1579
4,1579
2,1580
3,1580
4,1580
5,1580
1,1581
2,1581
3,1581
4,1581
5,1581
2,1582
3,1582
4,1582
5,1582
1,1583
2,1583
3,1583
4,1583
5,1583
2,1584
3,1584
4,1584
5,1584
1,1585
2,1585
3,1585
4,1585
5,1585
2,1586
3,1586
4,1586
2,1587
3,1587
4,1587
2,1588
3,1588
4,1588
5,1588
1,1589
2,1589
2,1590
2,1591
3,1591
4,1591
2,1592
3,1592
4,1592
2,1593
3,1593
4,1593
5,1593
1,1594
2,1594
3,1594
4,1594
5,1594
1,1595
2,1595
3,1595
4,1595
5,1595
1,1596
2,1596
3,1596
4,1596
5,1596
2,1597
3,1597
4,1597
5,1597
2,1598
3,1598
4,1598
5,1598
2,1599
3,1599
4,1599
5,1599
2,1600
3,1600
4,1600
5,1600
2,1601
3,1601
4,1601
5,1601
5,1602
1,1603
2,1603
3,1603
4,1603
5,1603
2,1604
3,1604
4,1604
5,1604
2,1605
3,1605
4,1605
5,1605
2,1606
3,1606
4,1606
5,1606
2,1607
3,1607
4,1607
5,1607
2,1608
3,1608
4,1608
5,1608
2,1609
3,1609
4,1609
1,1610
2,1610
1,1611
2,1611
2,1612
3,1612
4,1612
5,1612
2,1613
3,1613
4,1613
5,1613
2,1614
3,1614
4,1614
2,1615
3,1615
4,1615
5,1615
1,1616
2,1616
2,1617
3,1617
4,1617
5,1617
2,1618
3,1618
4,1618
1,1619
2,1619
3,1619
4,1619
5,1619
1,1620
2,1620
1,1621
2,1622
3,1622
4,1622
5,1622
2,1623
3,1623
4,1623
5,1623
1,1624
2,1624
3,1624
4,1624
5,1624
2,1625
3,1625
4,1625
5,1625
1,1626
2,1627
3,1627
4,1627
5,1627
1,1628
2,1628
3,1628
4,1628
5,1628
2,1629
3,1629
4,1629
5,1629
5,1630
1,1631
2,1631
3,1631
4,1631
5,1631
2,1632
3,1632
4,1632
5,1632
2,1633
3,1633
4,1633
5,1633
1,1634
2,1634
3,1634
4,1634
5,1634
2,1635
3,1635
4,1635
5,1635
2,1636
3,1636
4,1636
5,1636
2,1637
3,1637
4,1637
5,1637
1,1638
2,1638
2,1639
3,1639
4,1639
5,1639
1,1640
2,1641
3,1641
4,1641
5,1641
2,1642
3,1642
4,1642
5,1642
2,1643
3,1643
4,1643
5,1643
2,1644
3,1644
4,1644
5,1644
2,1645
3,1645
4,1645
5,1645
5,1646
2,1647
3,1647
4,1647
2,1648
3,1648
4,1648
1,1649
2,1649
2,1650
3,1650
4,1650
1,1651
2,1651
3,1651
4,1651
5,1651
1,1652
2,1652
1,1653
2,1653
3,1653
4,1653
5,1653
1,1654
2,1655
3,1655
4,1655
1,1656
2,1656
3,1656
4,1656
5,1656
2,1657
3,1657
4,1657
5,1657
2,1658
3,1658
4,1658
5,1658
2,1659
1,1660
2,1660
3,1660
4,1660
5,1660
2,1661
3,1661
4,1661
2,1662
3,1662
4,1662
2,1663
3,1663
4,1663
5,1663
2,1664
2,1665
3,1665
4,1665
1,1666
2,1666
3,1666
4,1666
5,1666
1,1667
2,1667
3,1667
2,1668
3,1668
4,1668
1,1669
2,1669
3,1669
4,1669
5,1669
2,1670
3,1670
4,1670
5,1670
1,1671
2,1671
3,1671
4,1671
5,1671
1,1672
2,1672
3,1672
4,1672
5,1672
1,1673
2,1673
3,1673
4,1673
5,1673
2,1674
3,1674
4,1674
5,1674
2,1675
3,1675
4,1675
2,1676
3,1676
4,1676
5,1676
1,1677
2,1677
3,1677
4,1677
5,1677
2,1678
3,1678
4,1678
5,1678
5,1679
1,1680
2,1680
3,1680
4,1680
5,1680
2,1681
2,1682
3,1682
4,1682
2,1683
3,1683
4,1683
5,1683
5,1684
1,1685
1,1686
2,1686
3,1686
4,1686
5,1686
2,1687
3,1687
4,1687
5,1687
2,1688
3,1688
4,1688
5,1688
2,1689
3,1689
4,1689
2,1690
3,1690
4,1690
5,1690
2,1691
3,1691
4,1691
5,1691
1,1692
2,1692
2,1693
3,1693
4,1693
5,1694
1,1695
2,1695
3,1695
4,1695
5,1695
2,1696
3,1696
4,1696
2,1697
3,1697
4,1697
5,1697
3,1698
4,1698
5,1698
1,1699
2,1699
3,1699
4,1699
5,1699
2,1700
3,1700
4,1700
1,1701
2,1701
3,1701
4,1701
5,1701
1,1702
2,1702
3,1702
4,1702
5,1702
1,1703
2,1703
3,1703
4,1703
5,1703
2,1704
3,1704
4,1704
5,1704
2,1705
3,1705
4,1705
5,1705
2,1706
3,1706
4,1706
1,1707
2,1707
2,1708
3,1708
4,1708
5,1708
2,1709
3,1709
4,1709
5,1709
1,1710
2,1710
3,1710
4,1710
5,1710
2,1711
3,1711
4,1711
5,1711
1,1712
2,1712
3,1712
4,1712
5,1712
2,1713
3,1713
4,1713
5,1713
2,1714
3,1714
4,1714
5,1714
2,1715
3,1715
4,1715
5,1715
5,1716
2,1717
3,1717
4,1717
5,1717
1,1718
2,1718
3,1718
4,1718
5,1718
2,1719
2,1720
3,1720
4,1720
5,1720
2,1721
3,1721
4,1721
5,1721
1,1722
2,1722
1,1723
2,1723
1,1724
2,1725
2,1726
3,1726
4,1726
1,1727
2,1727
3,1727
4,1727
5,1727
5,1728
2,1729
3,1729
4,1729
1,1730
2,1730
3,1730
4,1730
5,1730
1,1731
2,1731
3,1731
4,1731
5,1731
2,1732
3,1732
4,1732
2,1733
3,1733
4,1733
2,1734
3,1734
4,1734
2,1735
3,1735
4,1735
5,1735
5,1736
2,1737
3,1737
4,1737
5,1737
2,1738
3,1738
4,1738
2,1739
3,1739
4,1739
5,1739
2,1740
3,1740
4,1740
2,1741
3,1741
4,1741
5,1741
2,1742
3,1742
4,1742
2,1743
3,1743
4,1743
1,1744
2,1744
3,1744
4,1744
5,1744
2,1745
3,1745
4,1745
2,1746
3,1746
4,1746
5,1746
1,1747
2,1747
3,1747
4,1747
5,1747
2,1748
3,1748
4,1748
2,1749
3,1749
4,1749
5,1749
2,1750
3,1750
4,1750
5,1750
2,1751
3,1751
4,1751
5,1751
2,1752
3,1752
4,1752
1,1753
2,1754
3,1754
4,1754
5,1754
2,1755
3,1755
4,1755
2,1756
3,1756
4,1756
2,1757
3,1757
4,1757
5,1757
2,1758
3,1758
4,1758
1,1759
2,1759
1,1760
2,1760
3,1760
4,1760
5,1760
1,1761
2,1761
3,1761
4,1761
5,1761
2,1762
3,1762
4,1762
1,1763
2,1763
3,1763
4,1763
5,1763
2,1764
3,1764
4,1764
2,1765
3,1765
4,1765
2,1766
1,1767
2,1767
3,1767
4,1767
5,1767
2,1768
3,1768
4,1768
2,1769
3,1769
4,1769
5,1769
2,1770
3,1770
4,1770
2,1771
3,1771
4,1771
2,1772
3,1772
4,1772
5,1772
2,1773
3,1773
4,1773
5,1774
2,1775
3,1775
4,1775
1,1776
2,1776
3,1776
4,1776
5,1776
1,1777
2,1777
3,1777
4,1777
5,1777
2,1778
3,1778
4,1778
2,1779
3,1779
4,1779
1,1780
2,1780
2,1781
3,1781
4,1781
2,1782
3,1782
4,1782
2,1783
3,1783
4,1783
1,1784
2,1784
3,1784
4,1784
5,1784
1,1785
2,1785
3,1785
4,1785
5,1785
1,1786
2,1786
3,1786
4,1786
5,1786
2,1787
3,1787
4,1787
2,1788
3,1788
4,1788
5,1788
2,1789
3,1789
4,1789
2,1790
3,1790
4,1790
2,1791
3,1791
4,1791
1,1792
2,1792
3,1792
4,1792
5,1792
1,1793
2,1793
3,1793
4,1793
5,1793
2,1794
3,1794
4,1794
2,1795
3,1795
4,1795
2,1796
2,1797
3,1797
4,1797
5,1797
2,1798
3,1798
4,1798
5,1798
2,1799
3,1799
4,1799
5,1799
1,1800
2,1800
3,1800
4,1800
5,1800
2,1801
3,1801
4,1801
2,1802
3,1802
4,1802
5,1802
5,1803
2,1804
3,1804
4,1804
5,1804
2,1805
3,1805
4,1805
2,1806
3,1806
4,1806
5,1807
2,1808
3,1808
4,1808
5,1808
5,1809
1,1810
2,1810
1,1811
1,1812
2,1812
3,1812
4,1812
5,1812
2,1813
3,1813
4,1813
5,1814
1,1815
2,1815
3,1815
4,1815
5,1815
5,1816
2,1817
3,1817
4,1817
2,1818
3,1818
4,1818
2,1819
3,1819
4,1819
5,1819
2,1820
3,1820
4,1820
2,1821
3,1821
4,1821
5,1821
5,1822
5,1823
2,1824
3,1824
4,1824
2,1825
3,1825
4,1825
5,1825
2,1826
3,1826
4,1826
2,1827
3,1827
4,1827
5,1827
1,1828
2,1828
3,1828
4,1828
5,1828
2,1829
3,1829
4,1829
5,1829
2,1830
3,1830
4,1830
5,1830
2,1831
3,1831
4,1831
5,1831
2,1832
3,1832
4,1832
5,1832
2,1833
3,1833
4,1833
5,1833
2,1834
3,1834
4,1834
5,1834
2,1835
3,1835
4,1835
2,1836
3,1836
4,1836
5,1836
2,1837
3,1837
4,1837
5,1837
2,1838
3,1838
4,1838
5,1838
2,1839
3,1839
4,1839
5,1839
2,1840
3,1840
4,1840
5,1840
2,1841
3,1841
4,1841
5,1841
2,1842
3,1842
4,1842
5,1842
2,1843
3,1843
4,1843
5,1843
2,1844
3,1844
4,1844
5,1844
2,1845
3,1845
4,1845
5,1845
2,1846
3,1846
4,1846
1,1847
2,1847
3,1847
4,1847
5,1847
2,1848
3,1848
4,1848
5,1848
2,1849
3,1849
4,1849
5,1849
2,1850
3,1850
4,1850
5,1850
2,1851
3,1851
4,1851
5,1851
2,1852
3,1852
4,1852
5,1852
2,1853
3,1853
4,1853
5,1853
2,1854
3,1854
4,1854
5,1854
2,1855
3,1855
4,1855
5,1855
2,1856
3,1856
4,1856
5,1856
2,1857
3,1857
4,1857
5,1857
2,1858
3,1858
4,1858
5,1858
2,1859
3,1859
4,1859
5,1859
2,1860
3,1860
4,1860
5,1860
1,1861
2,1861
2,1862
3,1862
4,1862
5,1862
2,1863
3,1863
4,1863
5,1863
2,1864
3,1864
4,1864
5,1864
2,1865
3,1865
4,1865
5,1865
2,1866
3,1866
4,1866
5,1866
4,1867
2,1868
3,1868
4,1868
5,1868
2,1869
3,1869
4,1869
5,1869
2,1870
3,1870
4,1870
5,1870
2,1871
3,1871
4,1871
5,1871
2,1872
3,1872
4,1872
5,1872
5,1873
2,1874
3,1874
4,1874
5,1874
2,1875
3,1875
4,1875
5,1875
2,1876
3,1876
4,1876
5,1876
2,1877
2,1878
3,1878
4,1878
5,1878
2,1879
3,1879
4,1879
2,1880
3,1880
4,1880
5,1880
2,1881
3,1881
4,1881
5,1881
2,1882
3,1882
4,1882
5,1882
2,1883
3,1883
4,1883
5,1883
5,1884
2,1885
3,1885
4,1885
5,1885
2,1886
3,1886
4,1886
5,1886
2,1887
3,1887
4,1887
5,1887
2,1888
3,1888
4,1888
5,1888
2,1889
3,1889
4,1889
5,1889
2,1890
3,1890
4,1890
2,1891
3,1891
4,1891
5,1891
2,1892
3,1892
4,1892
5,1892
2,1893
3,1893
4,1893
5,1893
2,1894
3,1894
4,1894
5,1894
2,1895
3,1895
4,1895
5,1895
2,1896
3,1896
4,1896
5,1896
2,1897
3,1897
4,1897
2,1898
3,1898
4,1898
1,1899
2,1899
3,1899
4,1899
5,1899
5,1900
2,1901
3,1901
4,1901
5,1901
2,1902
3,1902
4,1902
5,1903
2,1904
3,1904
4,1904
5,1904
2,1905
3,1905
4,1905
5,1905
2,1906
3,1906
4,1906
5,1906
2,1907
3,1907
4,1907
5,1907
2,1908
3,1908
4,1908
5,1908
2,1909
3,1909
4,1909
5,1909
2,1910
3,1910
4,1910
5,1910
2,1911
3,1911
4,1911
5,1911
2,1912
3,1912
4,1912
5,1912
1,1913
2,1913
3,1913
4,1913
5,1913
2,1914
3,1914
4,1914
2,1915
3,1915
4,1915
2,1916
3,1916
4,1916
5,1916
2,1917
3,1917
4,1917
5,1917
2,1918
3,1918
4,1918
5,1918
2,1919
3,1919
4,1919
5,1919
2,1920
3,1920
4,1920
5,1920
2,1921
3,1921
4,1921
5,1921
2,1922
3,1922
4,1922
5,1922
2,1923
3,1923
4,1923
5,1923
2,1924
3,1924
4,1924
2,1925
3,1925
4,1925
2,1926
3,1926
4,1926
5,1926
2,1927
3,1927
4,1927
5,1927
1,1928
2,1928
3,1928
4,1928
5,1928
2,1929
3,1929
4,1929
1,1930
2,1930
3,1930
4,1930
5,1930
1,1931
2,1931
2,1932
3,1932
4,1932
2,1933
3,1933
4,1933
5,1933
2,1934
3,1934
4,1934
5,1934
2,1935
3,1935
4,1935
5,1935
2,1936
3,1936
4,1936
5,1936
2,1937
3,1937
4,1937
5,1938
2,1939
3,1939
4,1939
5,1939
2,1940
3,1940
4,1940
5,1940
2,1941
3,1941
4,1941
2,1942
3,1942
4,1942
5,1943
2,1944
3,1944
4,1944
5,1944
2,1945
3,1945
4,1945
5,1945
2,1946
3,1946
4,1946
5,1946
2,1947
3,1947
4,1947
5,1947
2,1948
3,1948
4,1948
1,1949
2,1949
3,1949
4,1949
5,1949
5,1950
2,1951
3,1951
4,1951
5,1951
2,1952
3,1952
4,1952
5,1952
2,1953
3,1953
4,1953
5,1953
2,1954
3,1954
4,1954
5,1954
2,1955
3,1955
4,1955
5,1955
2,1956
3,1956
4,1956
5,1956
1,1957
2,1957
3,1957
4,1957
5,1957
3,1958
4,1958
5,1958
2,1959
3,1959
4,1959
2,1960
3,1960
4,1960
5,1960
2,1961
3,1961
4,1961
2,1962
3,1962
4,1962
2,1963
3,1963
4,1963
2,1964
3,1964
4,1964
1,1965
2,1965
3,1965
4,1965
5,1965
2,1966
3,1966
4,1966
5,1967
2,1968
3,1968
4,1968
1,1969
2,1969
3,1969
4,1969
5,1969
3,1970
4,1970
5,1970
2,1971
3,1971
4,1971
1,1972
2,1972
3,1972
4,1972
5,1972
1,1973
2,1973
3,1973
4,1973
5,1973
2,1974
3,1974
4,1974
2,1975
3,1975
4,1975
5,1975
1,1976
2,1976
3,1976
4,1976
5,1976
2,1977
3,1977
4,1977
5,1977
2,1978
3,1978
4,1978
2,1979
3,1979
4,1979
5,1979
2,1980
3,1980
4,1980
2,1981
3,1981
4,1981
1,1982
2,1982
3,1982
4,1982
5,1982
1,1983
2,1983
3,1983
4,1983
5,1983
2,1984
3,1984
4,1984
5,1984
2,1985
3,1985
4,1985
5,1985
2,1986
3,1986
4,1986
1,1987
2,1987
3,1987
4,1987
5,1987
5,1988
5,1989
5,1990
2,1991
3,1991
4,1991
5,1991
5,1992
1,1993
2,1993
3,1993
4,1993
5,1993
2,1994
3,1994
4,1994
2,1995
3,1995
4,1995
5,1995
2,1996
3,1996
4,1996
5,1996
2,1997
5,1998
2,1999
3,1999
4,1999
5,1999
1,2000
2,2000
3,2000
4,2000
5,2000
1,2001
2,2001
3,2001
4,2001
5,2001
2,2002
3,2002
4,2002
2,2003
3,2003
4,2003
2,2004
3,2004
4,2004
1,2005
2,2005
3,2005
4,2005
5,2005
2,2006
3,2006
4,2006
1,2007
2,2007
3,2007
4,2007
5,2007
2,2008
3,2008
4,2008
5,2008
2,2009
3,2009
4,2009
1,2010
2,2010
3,2010
4,2010
5,2010
1,2011
2,2011
3,2011
4,2011
5,2011
2,2012
3,2012
4,2012
1,2013
2,2013
3,2013
4,2013
5,2013
5,2014
1,2015
2,2015
3,2015
4,2015
5,2015
5,2016
5,2017
2,2018
3,2018
4,2018
5,2018
5,2019
2,2020
3,2020
4,2020
5,2020
2,2021
3,2021
4,2021
5,2021
2,2022
3,2022
4,2022
5,2022
2,2023
3,2023
4,2023
2,2024
3,2024
4,2024
5,2024
1,2025
2,2025
3,2025
4,2025
5,2025
2,2026
3,2026
4,2026
5,2026
1,2027
2,2027
5,2028
2,2029
3,2029
4,2029
5,2029
1,2030
2,2030
3,2030
4,2030
5,2030
2,2031
3,2031
4,2031
5,2031
2,2032
3,2032
4,2032
2,2033
3,2033
4,2033
5,2033
1,2034
2,2034
3,2034
4,2034
5,2034
5,2035
1,2036
2,2036
3,2036
4,2036
5,2036
1,2037
2,2037
3,2037
4,2037
5,2037
2,2038
3,2038
4,2038
5,2038
2,2039
3,2039
4,2039
2,2040
3,2040
4,2040
5,2041
2,2042
3,2042
4,2042
5,2042
2,2043
3,2043
4,2043
5,2043
2,2044
3,2044
4,2044
2,2045
3,2045
4,2045
2,2046
3,2046
4,2046
5,2046
2,2047
3,2047
4,2047
2,2048
3,2048
4,2048
1,2049
2,2049
3,2049
4,2049
5,2049
2,2050
3,2050
4,2050
5,2050
2,2051
3,2051
4,2051
5,2051
2,2052
3,2052
4,2052
4,2053
5,2053
2,2054
3,2054
4,2054
5,2054
2,2055
3,2055
4,2055
5,2055
2,2056
3,2056
4,2056
5,2056
2,2057
3,2057
4,2057
5,2058
1,2059
2,2059
3,2059
4,2059
5,2059
1,2060
2,2060
3,2060
4,2060
5,2060
1,2061
2,2061
3,2061
4,2061
5,2061
2,2062
3,2062
4,2062
5,2062
2,2063
3,2063
4,2063
5,2063
2,2064
3,2064
4,2064
5,2064
1,2065
2,2065
3,2065
4,2065
5,2065
2,2066
3,2066
4,2066
5,2066
2,2067
3,2067
4,2067
5,2067
1,2068
2,2068
3,2068
4,2068
5,2068
1,2069
2,2069
3,2069
4,2069
5,2069
2,2070
3,2070
4,2070
5,2070
2,2071
5,2072
2,2073
3,2073
4,2073
5,2073
2,2074
3,2074
4,2074
5,2074
1,2075
2,2075
3,2075
4,2075
5,2075
1,2076
2,2076
3,2076
4,2076
5,2076
2,2077
3,2077
4,2077
5,2077
2,2078
3,2078
4,2078
2,2079
3,2079
4,2079
2,2080
3,2080
4,2080
1,2081
2,2081
3,2081
4,2081
5,2081
2,2082
3,2082
4,2082
2,2083
3,2083
4,2083
1,2084
2,2084
3,2084
1,2085
2,2085
3,2085
4,2085
5,2085
2,2086
3,2086
4,2086
5,2087
2,2088
3,2088
4,2088
1,2089
2,2089
2,2090
3,2090
4,2090
5,2090
2,2091
3,2091
4,2091
1,2092
2,2092
3,2092
1,2093
2,2093
3,2093
4,2093
5,2093
2,2094
3,2094
4,2094
5,2095
1,2096
2,2096
3,2096
4,2096
5,2096
2,2097
3,2097
4,2097
4,2098
5,2098
1,2099
2,2099
3,2099
4,2099
5,2099
4,2100
5,2100
5,2101
2,2102
2,2103
3,2103
4,2103
2,2104
3,2104
4,2104
5,2104
2,2105
3,2105
4,2105
2,2106
3,2106
4,2106
2,2107
3,2107
4,2107
5,2107
1,2108
2,2108
3,2108
4,2108
5,2108
2,2109
3,2109
4,2109
5,2109
2,2110
3,2110
4,2110
2,2111
3,2111
4,2111
5,2112
1,2113
2,2113
3,2113
4,2113
2,2114
3,2114
4,2114
2,2115
3,2115
4,2115
5,2115
2,2116
3,2116
4,2116
5,2116
2,2117
3,2117
4,2117
5,2117
1,2118
2,2118
3,2118
4,2118
5,2118
2,2119
3,2119
4,2119
2,2120
3,2120
4,2120
5,2120
5,2121
2,2122
3,2122
4,2122
5,2122
5,2123
5,2124
2,2125
3,2125
4,2125
2,2126
3,2126
4,2126
2,2127
3,2127
4,2127
5,2127
2,2128
3,2128
4,2128
2,2129
3,2129
4,2129
2,2130
3,2130
4,2130
5,2130
5,2131
2,2132
3,2132
4,2132
5,2132
5,2133
2,2134
3,2134
4,2134
5,2134
2,2135
3,2135
4,2135
5,2135
2,2136
3,2136
4,2136
5,2136
1,2137
2,2137
3,2137
4,2137
5,2137
5,2138
2,2139
3,2139
4,2139
5,2139
2,2140
3,2140
4,2140
5,2140
4,2141
5,2141
2,2142
3,2142
4,2142
5,2142
2,2143
3,2143
4,2143
5,2143
2,2144
3,2144
4,2144
5,2144
1,2145
2,2146
3,2146
4,2146
1,2147
2,2147
3,2147
4,2147
5,2147
2,2148
3,2148
4,2148
5,2148
1,2149
2,2149
3,2149
4,2149
5,2149
2,2150
3,2150
4,2150
5,2150
2,2151
3,2151
4,2151
5,2151
2,2152
3,2152
4,2152
5,2152
2,2153
3,2153
4,2153
5,2153
2,2154
3,2154
4,2154
2,2155
3,2155
4,2155
5,2155
2,2156
3,2156
4,2156
5,2156
1,2157
2,2157
3,2157
4,2157
5,2157
5,2158
2,2159
3,2159
4,2159
5,2159
1,2160
2,2160
2,2161
3,2161
4,2161
5,2161
2,2162
3,2162
4,2162
2,2163
3,2163
4,2163
5,2163
2,2164
3,2164
4,2164
2,2165
3,2165
4,2165
5,2165
2,2166
3,2166
4,2166
5,2166
2,2167
3,2167
4,2167
5,2167
2,2168
3,2168
4,2168
5,2168
2,2169
3,2169
4,2169
5,2169
2,2170
3,2170
4,2170
5,2170
2,2171
3,2171
4,2171
2,2172
3,2172
4,2172
5,2172
2,2173
3,2173
4,2173
5,2173
2,2174
3,2174
4,2174
5,2174
2,2175
3,2175
4,2175
5,2175
2,2176
3,2176
4,2176
5,2176
2,2177
3,2177
4,2177
5,2177
2,2178
3,2178
4,2178
2,2179
3,2179
4,2179
5,2179
2,2180
3,2180
4,2180
5,2180
2,2181
3,2181
4,2181
5,2181
2,2182
3,2182
4,2182
5,2182
1,2183
2,2183
1,2184
2,2184
3,2184
4,2184
5,2184
2,2185
3,2185
4,2185
2,2186
3,2186
4,2186
5,2186
2,2187
3,2187
4,2187
5,2187
2,2188
3,2188
4,2188
5,2188
2,2189
3,2189
4,2189
5,2190
2,2191
3,2191
4,2191
5,2191
2,2192
3,2192
4,2192
5,2192
1,2193
2,2193
2,2194
3,2194
4,2194
5,2194
5,2195
2,2196
3,2196
4,2196
5,2196
2,2197
3,2197
4,2197
5,2197
2,2198
3,2198
4,2198
5,2198
1,2199
2,2199
2,2200
3,2200
4,2200
5,2200
1,2201
2,2201
3,2201
4,2201
5,2201
1,2202
2,2202
3,2202
4,2202
5,2202
2,2203
3,2203
4,2203
2,2204
2,2205
3,2205
4,2205
5,2205
1,2206
2,2206
3,2206
4,2206
5,2206
2,2207
3,2207
4,2207
5,2207
1,2208
2,2208
1,2209
2,2209
2,2210
3,2210
4,2210
2,2211
3,2211
4,2211
2,2212
3,2212
4,2212
2,2213
3,2213
4,2213
2,2214
3,2214
4,2214
1,2215
2,2215
3,2215
4,2215
2,2216
3,2216
4,2216
2,2217
3,2217
4,2217
2,2218
3,2218
4,2218
5,2218
1,2219
2,2219
3,2219
4,2219
5,2219
5,2220
1,2221
2,2221
3,2221
4,2221
2,2222
3,2222
4,2222
2,2223
3,2223
4,2223
5,2223
2,2224
3,2224
4,2224
2,2225
2,2226
3,2226
4,2226
5,2226
2,2227
3,2227
4,2227
5,2227
2,2228
3,2228
4,2228
5,2228
1,2229
2,2229
3,2229
4,2229
5,2229
1,2230
2,2230
5,2231
1,2232
2,2232
3,2232
4,2232
5,2232
2,2233
3,2233
4,2233
2,2234
3,2234
4,2234
5,2234
2,2235
3,2235
4,2235
5,2235
2,2236
3,2236
4,2236
5,2236
2,2237
3,2237
4,2237
5,2237
1,2238
2,2238
2,2239
3,2239
4,2239
5,2239
2,2240
3,2240
4,2240
2,2241
3,2241
4,2241
5,2242
1,2243
2,2243
3,2243
4,2243
5,2243
2,2244
3,2244
4,2244
5,2245
5,2246
1,2247
2,2247
3,2247
4,2247
5,2247
2,2248
3,2248
4,2248
5,2248
2,2249
3,2249
4,2249
5,2249
2,2250
3,2250
4,2250
5,2250
2,2251
3,2251
4,2251
5,2251
1,2252
2,2252
3,2252
4,2252
2,2253
3,2253
4,2253
1,2254
2,2254
3,2254
4,2254
5,2254
5,2255
2,2256
5,2257
5,2258
2,2259
3,2259
4,2259
1,2260
2,2260
3,2260
4,2260
5,2260
2,2261
3,2261
4,2261
2,2262
3,2262
4,2262
5,2262
1,2263
2,2263
3,2263
4,2263
2,2264
3,2264
4,2264
5,2264
2,2265
3,2265
4,2265
5,2266
2,2267
3,2267
4,2267
5,2267
2,2268
3,2268
4,2268
1,2269
2,2269
3,2269
4,2269
5,2269
2,2270
3,2270
4,2270
5,2270
5,2271
1,2272
2,2272
3,2272
4,2272
5,2272
2,2273
3,2273
4,2273
5,2273
2,2274
3,2274
4,2274
5,2274
2,2275
3,2275
4,2275
2,2276
3,2276
4,2276
2,2277
3,2277
4,2277
5,2277
5,2278
2,2279
3,2279
4,2279
5,2279
1,2280
2,2280
3,2280
4,2280
5,2280
2,2281
3,2281
4,2281
5,2281
5,2282
2,2283
3,2283
4,2283
1,2284
2,2284
3,2284
4,2284
5,2284
2,2285
3,2285
4,2285
5,2285
2,2286
3,2286
4,2286
2,2287
3,2287
4,2287
5,2287
2,2288
3,2288
4,2288
2,2289
3,2289
4,2289
2,2290
3,2290
4,2290
5,2290
5,2291
2,2292
3,2292
4,2292
5,2292
2,2293
2,2294
3,2294
4,2294
2,2295
3,2295
4,2295
5,2295
2,2296
3,2296
4,2296
5,2296
2,2297
3,2297
4,2297
5,2298
2,2299
3,2299
4,2299
5,2299
2,2300
3,2300
4,2300
5,2300
2,2301
3,2301
4,2301
2,2302
3,2302
4,2302
1,2303
2,2303
3,2303
4,2303
5,2303
2,2304
3,2304
4,2304
5,2304
2,2305
3,2305
4,2305
2,2306
3,2306
4,2306
1,2307
2,2307
3,2307
4,2307
5,2307
5,2308
2,2309
3,2309
4,2309
5,2309
2,2310
3,2310
4,2310
5,2310
2,2311
3,2311
4,2311
5,2311
2,2312
3,2312
4,2312
5,2312
1,2313
2,2313
3,2313
4,2313
5,2313
2,2314
3,2314
4,2314
2,2315
3,2315
4,2315
2,2316
3,2316
4,2316
2,2317
3,2317
4,2317
5,2317
2,2318
3,2318
4,2318
5,2318
2,2319
3,2319
4,2319
5,2320
1,2321
2,2321
5,2322
2,2323
3,2323
4,2323
2,2324
3,2324
4,2324
5,2324
2,2325
3,2325
4,2325
5,2325
2,2326
3,2326
4,2326
5,2326
2,2327
3,2327
4,2327
2,2328
2,2329
3,2329
4,2329
5,2329
2,2330
3,2330
4,2330
5,2330
2,2331
3,2331
4,2331
5,2331
2,2332
3,2332
4,2332
5,2332
1,2333
2,2333
2,2334
3,2334
4,2334
5,2334
1,2335
2,2335
3,2335
4,2335
5,2335
1,2336
2,2336
2,2337
3,2337
4,2337
2,2338
3,2338
4,2338
2,2339
3,2339
4,2339
2,2340
3,2340
4,2340
5,2341
2,2342
3,2342
4,2342
5,2342
2,2343
2,2344
3,2344
4,2344
2,2345
3,2345
4,2345
1,2346
2,2346
3,2346
4,2346
5,2346
2,2347
3,2347
4,2347
5,2347
2,2348
3,2348
4,2348
5,2348
2,2349
3,2349
4,2349
2,2350
3,2350
4,2350
1,2351
2,2351
3,2351
4,2351
5,2351
1,2352
2,2352
3,2352
4,2352
5,2352
5,2353
2,2354
3,2354
4,2354
5,2354
1,2355
2,2355
3,2355
4,2355
5,2355
2,2356
3,2356
4,2356
2,2357
3,2357
4,2357
2,2358
3,2358
4,2358
2,2359
3,2359
4,2359
5,2359
1,2360
2,2360
1,2361
2,2361
2,2362
3,2362
4,2362
5,2362
1,2363
2,2363
3,2363
4,2363
5,2363
2,2364
3,2364
4,2364
5,2364
2,2365
3,2365
4,2365
5,2365
1,2366
2,2366
2,2367
3,2367
4,2367
5,2367
2,2368
3,2368
4,2368
5,2368
2,2369
3,2369
4,2369
5,2369
2,2370
3,2370
4,2370
2,2371
2,2372
3,2372
4,2372
2,2373
3,2373
4,2373
2,2374
3,2374
4,2374
2,2375
3,2375
4,2375
2,2376
3,2376
4,2376
2,2377
3,2377
4,2377
5,2377
2,2378
3,2378
4,2378
5,2378
1,2379
2,2379
3,2379
4,2379
5,2379
2,2380
3,2380
4,2380
5,2380
2,2381
3,2381
4,2381
5,2381
2,2382
3,2382
4,2382
5,2382
5,2383
1,2384
2,2384
3,2384
4,2384
5,2384
2,2385
3,2385
4,2385
2,2386
3,2386
4,2386
5,2386
2,2387
3,2387
4,2387
5,2387
2,2388
3,2388
4,2388
5,2388
3,2389
4,2389
5,2389
1,2390
2,2390
3,2390
4,2390
5,2390
5,2391
1,2392
2,2392
3,2392
4,2392
5,2392
2,2393
3,2393
4,2393
5,2394
2,2395
3,2395
4,2395
1,2396
2,2396
1,2397
2,2397
3,2397
4,2397
5,2397
2,2398
3,2398
4,2398
5,2398
1,2399
2,2399
3,2399
4,2399
5,2399
2,2400
3,2400
4,2400
2,2401
3,2401
4,2401
2,2402
3,2402
4,2402
5,2402
1,2403
2,2403
2,2404
3,2404
4,2404
2,2405
3,2405
4,2405
2,2406
3,2406
4,2406
2,2407
3,2407
4,2407
1,2408
1,2409
2,2410
3,2410
4,2410
2,2411
3,2411
4,2411
5,2411
2,2412
3,2412
4,2412
2,2413
3,2413
4,2413
5,2413
1,2414
1,2415
2,2415
3,2415
4,2415
5,2415
2,2416
3,2416
4,2416
5,2416
2,2417
3,2417
4,2417
5,2417
2,2418
3,2418
4,2418
5,2418
2,2419
3,2419
4,2419
5,2419
2,2420
3,2420
4,2420
5,2420
2,2421
3,2421
4,2421
5,2421
2,2422
3,2422
4,2422
5,2422
2,2423
3,2423
4,2423
5,2423
2,2424
3,2424
4,2424
5,2424
2,2425
3,2425
4,2425
5,2425
2,2426
3,2426
4,2426
2,2427
3,2427
4,2427
5,2427
2,2428
3,2428
4,2428
5,2428
2,2429
3,2429
4,2429
3,2430
4,2430
5,2430
2,2431
3,2431
4,2431
5,2431
2,2432
3,2432
4,2432
5,2432
2,2433
3,2433
4,2433
5,2433
2,2434
3,2434
4,2434
5,2434
2,2435
3,2435
4,2435
5,2435
2,2436
3,2436
4,2436
5,2436
2,2437
3,2437
4,2437
5,2437
2,2438
3,2438
4,2438
5,2438
2,2439
3,2439
4,2439
5,2439
2,2440
3,2440
4,2440
5,2440
2,2441
3,2441
4,2441
5,2441
2,2442
3,2442
4,2442
5,2442
2,2443
3,2443
4,2443
5,2443
2,2444
3,2444
4,2444
5,2444
2,2445
3,2445
4,2445
5,2445
2,2446
3,2446
4,2446
5,2446
2,2447
3,2447
4,2447
5,2447
2,2448
3,2448
4,2448
5,2448
2,2449
3,2449
4,2449
5,2449
2,2450
3,2450
4,2450
5,2450
2,2451
3,2451
4,2451
5,2451
2,2452
3,2452
4,2452
5,2452
2,2453
3,2453
4,2453
5,2453
2,2454
3,2454
4,2454
5,2454
2,2455
3,2455
4,2455
5,2455
5,2456
2,2457
3,2457
4,2457
5,2457
2,2458
3,2458
4,2458
5,2458
2,2459
3,2459
4,2459
5,2459
2,2460
3,2460
4,2460
5,2460
2,2461
3,2461
4,2461
5,2461
2,2462
3,2462
4,2462
2,2463
3,2463
4,2463
5,2463
2,2464
3,2464
4,2464
1,2465
2,2465
3,2465
4,2465
5,2465
2,2466
3,2466
4,2466
5,2466
1,2467
2,2467
3,2467
4,2467
5,2467
2,2468
3,2468
4,2468
2,2469
3,2469
4,2469
2,2470
3,2470
4,2470
5,2470
2,2471
3,2471
4,2471
5,2471
2,2472
3,2472
4,2472
2,2473
3,2473
4,2473
5,2473
2,2474
3,2474
4,2474
5,2474
2,2475
3,2475
4,2475
5,2475
2,2476
3,2476
4,2476
5,2476
2,2477
3,2477
4,2477
5,2477
2,2478
3,2478
4,2478
5,2478
2,2479
3,2479
4,2479
5,2479
2,2480
3,2480
4,2480
5,2480
2,2481
3,2481
4,2481
5,2481
2,2482
3,2482
4,2482
2,2483
3,2483
4,2483
5,2483
2,2484
3,2484
4,2484
5,2484
1,2485
2,2485
3,2485
4,2485
5,2485
2,2486
1,2487
3,2488
4,2488
5,2488
2,2489
3,2489
4,2489
5,2489
1,2490
2,2490
3,2490
4,2490
5,2490
2,2491
3,2491
4,2491
5,2491
2,2492
3,2492
4,2492
2,2493
3,2493
4,2493
5,2493
1,2494
2,2494
3,2494
4,2494
5,2494
2,2495
3,2495
4,2495
5,2496
2,2497
3,2497
4,2497
5,2497
2,2498
3,2498
4,2498
2,2499
3,2499
4,2499
5,2499
2,2500
3,2500
4,2500
2,2501
3,2501
4,2501
5,2501
1,2502
2,2502
3,2502
4,2502
5,2502
2,2503
3,2503
4,2503
5,2503
2,2504
3,2504
4,2504
5,2504
1,2505
2,2505
3,2505
4,2505
5,2505
1,2506
2,2506
3,2506
4,2506
5,2506
2,2507
3,2507
4,2507
5,2507
2,2508
3,2508
4,2508
5,2508
2,2509
3,2509
4,2509
5,2509
2,2510
3,2510
4,2510
5,2510
2,2511
3,2511
4,2511
5,2511
2,2512
3,2512
4,2512
5,2512
2,2513
3,2513
4,2513
5,2514
2,2515
3,2515
4,2515
5,2515
5,2516
5,2517
2,2518
3,2518
4,2518
2,2519
3,2519
4,2519
2,2520
3,2520
4,2520
5,2520
2,2521
3,2521
4,2521
1,2522
2,2522
3,2522
4,2522
5,2522
2,2523
3,2523
4,2523
2,2524
3,2524
4,2524
2,2525
3,2525
4,2525
2,2526
3,2526
4,2526
2,2527
3,2527
4,2527
5,2527
2,2528
3,2528
4,2528
5,2528
1,2529
2,2529
3,2529
4,2529
5,2529
2,2530
3,2530
4,2530
2,2531
3,2531
4,2531
2,2532
3,2532
4,2532
2,2533
3,2533
4,2533
5,2533
2,2534
3,2534
4,2534
5,2534
2,2535
3,2535
4,2535
5,2535
2,2536
3,2536
4,2536
5,2536
2,2537
3,2537
4,2537
5,2537
2,2538
3,2538
4,2538
1,2539
2,2539
3,2539
4,2539
5,2539
1,2540
2,2540
3,2540
4,2540
5,2540
2,2541
3,2541
4,2541
5,2541
2,2542
3,2542
4,2542
5,2542
2,2543
3,2543
4,2543
5,2543
2,2544
3,2544
4,2544
5,2544
2,2545
3,2545
4,2545
5,2545
2,2546
3,2546
4,2546
5,2546
2,2547
3,2547
4,2547
5,2547
2,2548
3,2548
4,2548
5,2548
2,2549
3,2549
4,2549
5,2549
1,2550
2,2550
3,2550
4,2550
5,2550
2,2551
3,2551
4,2551
2,2552
3,2552
4,2552
5,2552
2,2553
3,2553
4,2553
5,2553
2,2554
3,2554
4,2554
5,2554
2,2555
3,2555
4,2555
5,2555
2,2556
3,2556
4,2556
5,2556
2,2557
3,2557
4,2557
5,2557
2,2558
3,2558
4,2558
5,2558
2,2559
3,2559
4,2559
2,2560
3,2560
4,2560
5,2560
2,2561
3,2561
4,2561
5,2561
5,2562
1,2563
2,2564
3,2564
4,2564
5,2564
2,2565
3,2565
4,2565
5,2565
2,2566
3,2566
4,2566
5,2566
2,2567
3,2567
4,2567
5,2567
2,2568
3,2568
4,2568
5,2568
2,2569
3,2569
4,2569
2,2570
3,2570
4,2570
5,2570
2,2571
3,2571
4,2571
5,2571
2,2572
3,2572
4,2572
5,2572
2,2573
3,2573
4,2573
5,2573
2,2574
3,2574
4,2574
5,2574
2,2575
3,2575
4,2575
5,2575
2,2576
3,2576
4,2576
5,2576
2,2577
3,2577
4,2577
5,2577
2,2578
3,2578
4,2578
5,2579
2,2580
3,2580
4,2580
5,2580
2,2581
3,2581
4,2581
5,2581
2,2582
3,2582
4,2582
5,2582
2,2583
3,2583
4,2583
5,2583
2,2584
3,2584
4,2584
2,2585
3,2585
4,2585
5,2585
2,2586
3,2586
4,2586
5,2586
2,2587
3,2587
4,2587
5,2587
2,2588
3,2588
4,2588
5,2588
2,2589
3,2589
4,2589
5,2589
2,2590
3,2590
4,2590
2,2591
3,2591
4,2591
5,2591
2,2592
3,2592
4,2592
5,2592
2,2593
3,2593
4,2593
5,2593
2,2594
3,2594
4,2594
5,2594
2,2595
3,2595
4,2595
5,2595
2,2596
3,2596
4,2596
2,2597
3,2597
4,2597
5,2597
2,2598
3,2598
4,2598
5,2598
2,2599
3,2599
4,2599
5,2599
2,2600
3,2600
4,2600
5,2600
1,2601
2,2601
3,2601
4,2601
5,2601
2,2602
3,2602
4,2602
5,2602
2,2603
3,2603
4,2603
5,2603
2,2604
3,2604
4,2604
5,2604
2,2605
3,2605
4,2605
2,2606
3,2606
4,2606
5,2606
1,2607
2,2607
3,2607
4,2607
5,2607
1,2608
2,2608
3,2608
4,2608
5,2608
1,2609
2,2609
3,2609
4,2609
5,2609
2,2610
3,2610
4,2610
5,2610
2,2611
3,2611
4,2611
2,2612
3,2612
4,2612
5,2612
2,2613
3,2613
4,2613
5,2613
2,2614
3,2614
4,2614
5,2614
2,2615
3,2615
4,2615
5,2615
2,2616
3,2616
4,2616
5,2616
2,2617
3,2617
4,2617
5,2617
3,2618
4,2618
5,2618
2,2619
3,2619
4,2619
5,2619
1,2620
2,2620
3,2620
4,2620
5,2620
2,2621
3,2621
4,2621
5,2621
2,2622
3,2622
4,2622
5,2622
2,2623
3,2623
4,2623
5,2623
2,2624
3,2624
4,2624
5,2624
5,2625
2,2626
1,2627
2,2627
3,2627
4,2627
5,2627
2,2628
3,2628
4,2628
5,2628
2,2629
3,2629
4,2629
5,2629
2,2630
3,2630
4,2630
5,2630
2,2631
3,2631
4,2631
5,2631
2,2632
3,2632
4,2632
5,2632
2,2633
3,2633
4,2633
5,2633
2,2634
3,2634
4,2634
5,2634
2,2635
3,2635
4,2635
1,2636
2,2636
3,2636
4,2636
5,2636
2,2637
3,2637
4,2637
2,2638
3,2638
4,2638
5,2638
2,2639
3,2639
4,2639
5,2639
2,2640
3,2640
4,2640
5,2640
5,2641
2,2642
3,2642
4,2642
5,2642
1,2643
2,2644
3,2644
4,2644
2,2645
3,2645
4,2645
5,2646
2,2647
3,2647
4,2647
5,2647
1,2648
2,2648
3,2648
4,2648
5,2648
2,2649
3,2649
4,2649
2,2650
3,2650
4,2650
1,2651
2,2651
3,2651
4,2651
5,2651
1,2652
2,2652
3,2652
4,2652
5,2652
2,2653
1,2654
2,2654
3,2654
4,2654
5,2654
2,2655
3,2655
4,2655
2,2656
3,2656
4,2656
5,2656
2,2657
3,2657
4,2657
2,2658
1,2659
2,2659
3,2659
4,2659
5,2659
1,2660
2,2660
3,2660
4,2660
5,2660
2,2661
3,2661
4,2661
1,2662
2,2662
3,2662
4,2662
5,2662
1,2663
2,2663
3,2663
4,2663
5,2663
2,2664
3,2664
4,2664
5,2665
2,2666
3,2666
4,2666
5,2666
1,2667
2,2667
3,2667
4,2667
5,2667
2,2668
3,2668
4,2668
5,2669
1,2670
2,2670
3,2670
4,2670
5,2670
5,2671
1,2672
2,2672
3,2672
4,2672
5,2672
1,2673
2,2673
3,2673
4,2673
5,2673
2,2674
3,2674
4,2674
2,2675
3,2675
4,2675
5,2676
1,2677
5,2678
2,2679
3,2679
4,2679
2,2680
3,2680
4,2680
5,2681
1,2682
2,2682
1,2683
2,2683
3,2683
4,2683
5,2683
2,2684
3,2684
4,2684
5,2685
1,2686
2,2687
3,2687
4,2687
5,2688
2,2689
3,2689
4,2689
5,2689
2,2690
3,2690
4,2690
5,2690
2,2691
3,2691
4,2691
1,2692
2,2692
3,2692
4,2692
5,2692
1,2693
2,2693
5,2694
1,2695
2,2695
3,2695
4,2695
5,2695
1,2696
2,2696
3,2696
4,2696
5,2696
1,2697
2,2697
3,2697
4,2697
5,2697
2,2698
3,2698
4,2698
5,2698
5,2699
1,2700
2,2700
3,2700
4,2700
5,2700
2,2701
3,2701
4,2701
2,2702
3,2702
4,2702
1,2703
2,2703
2,2704
3,2704
4,2704
2,2705
3,2705
4,2705
5,2705
1,2706
2,2707
3,2707
4,2707
5,2707
2,2708
3,2708
4,2708
5,2708
2,2709
3,2709
4,2709
2,2710
3,2710
4,2710
5,2710
1,2711
2,2711
3,2711
4,2711
5,2711
2,2712
3,2712
4,2712
2,2713
3,2713
4,2713
5,2713
2,2714
3,2714
4,2714
1,2715
2,2715
3,2715
4,2715
5,2715
1,2716
2,2716
3,2716
4,2716
5,2716
1,2717
2,2717
3,2717
4,2717
5,2717
5,2718
2,2719
3,2719
4,2719
1,2720
1,2721
2,2721
3,2721
4,2721
5,2721
2,2722
3,2722
4,2722
2,2723
3,2723
4,2723
5,2723
1,2724
2,2724
3,2724
4,2724
5,2724
1,2725
2,2725
2,2726
3,2726
4,2726
5,2726
2,2727
3,2727
4,2727
2,2728
3,2728
4,2728
2,2729
3,2729
4,2729
1,2730
2,2730
3,2730
4,2730
5,2730
1,2731
2,2731
3,2731
4,2731
5,2731
2,2732
3,2732
4,2732
1,2733
2,2733
3,2733
4,2733
5,2733
2,2734
3,2734
4,2734
1,2735
2,2735
3,2735
4,2735
5,2735
1,2736
2,2736
3,2736
4,2736
5,2736
1,2737
2,2737
3,2737
4,2737
5,2737
1,2738
2,2738
3,2738
4,2738
5,2738
5,2739
1,2740
2,2740
3,2740
4,2740
5,2740
2,2741
3,2741
4,2741
2,2742
3,2742
4,2742
2,2743
3,2743
4,2743
1,2744
2,2744
3,2744
4,2744
5,2744
2,2745
3,2745
1,2746
2,2746
3,2746
4,2746
5,2746
1,2747
2,2747
3,2747
4,2747
5,2747
2,2748
3,2748
4,2748
5,2748
1,2749
2,2749
3,2749
4,2749
5,2749
5,2750
2,2751
3,2751
4,2751
2,2752
3,2752
4,2752
1,2753
2,2753
3,2753
4,2753
5,2753
1,2754
2,2754
1,2755
2,2755
3,2755
4,2755
5,2755
2,2756
3,2756
4,2756
1,2757
2,2757
3,2757
4,2757
5,2757
2,2758
3,2758
4,2758
1,2759
2,2759
3,2759
4,2759
5,2759
1,2760
2,2760
3,2760
4,2760
5,2760
2,2761
3,2761
4,2761
5,2761
5,2762
2,2763
3,2763
4,2763
5,2763
2,2764
3,2764
4,2764
2,2765
3,2765
4,2765
5,2765
1,2766
2,2766
3,2766
4,2766
5,2766
2,2767
3,2767
4,2767
5,2768
2,2769
3,2769
4,2769
2,2770
3,2770
4,2770
5,2770
2,2771
3,2771
4,2771
5,2771
2,2772
3,2772
4,2772
5,2773
2,2774
3,2774
4,2774
2,2775
3,2775
4,2775
5,2775
2,2776
3,2776
4,2776
5,2777
1,2778
2,2778
2,2779
2,2780
3,2780
4,2780
5,2781
2,2782
3,2782
4,2782
5,2782
2,2783
3,2783
4,2783
2,2784
3,2784
4,2784
5,2784
2,2785
3,2785
4,2785
5,2785
2,2786
1,2787
2,2787
3,2787
4,2787
5,2787
2,2788
3,2788
4,2788
5,2789
4,2790
5,2790
2,2791
3,2791
4,2791
5,2791
2,2792
3,2792
4,2792
5,2792
1,2793
2,2793
3,2793
4,2793
5,2793
2,2794
3,2794
4,2794
5,2794
2,2795
3,2795
4,2795
5,2795
1,2796
2,2796
3,2796
4,2796
5,2796
1,2797
1,2798
2,2798
3,2798
4,2798
1,2799
2,2799
3,2799
4,2799
5,2799
2,2800
3,2800
4,2800
2,2801
3,2801
4,2801
5,2801
2,2802
3,2802
4,2802
5,2802
5,2803
1,2804
2,2804
2,2805
3,2805
4,2805
2,2806
3,2806
4,2806
2,2807
3,2807
4,2807
5,2807
2,2808
3,2808
4,2808
5,2808
2,2809
3,2809
4,2809
5,2809
1,2810
2,2810
3,2810
4,2810
5,2810
2,2811
3,2811
4,2811
2,2812
3,2812
4,2812
2,2813
3,2813
4,2813
5,2813
1,2814
2,2814
2,2815
3,2815
4,2815
5,2815
1,2816
2,2816
3,2816
4,2816
5,2816
1,2817
2,2817
3,2817
4,2817
5,2817
2,2818
3,2818
4,2818
5,2818
1,2819
2,2819
2,2820
3,2820
4,2820
2,2821
3,2821
4,2821
2,2822
3,2822
4,2822
5,2822
1,2823
2,2823
2,2824
3,2824
4,2824
1,2825
2,2825
3,2825
4,2825
5,2825
2,2826
3,2826
4,2826
2,2827
3,2827
4,2827
2,2828
3,2828
4,2828
1,2829
2,2829
1,2830
2,2830
2,2831
3,2831
4,2831
5,2831
2,2832
3,2832
4,2832
2,2833
3,2833
4,2833
5,2834
1,2835
2,2835
3,2835
4,2835
5,2835
1,2836
2,2836
3,2836
4,2836
5,2836
2,2837
3,2837
4,2837
5,2837
2,2838
3,2838
4,2838
5,2838
1,2839
2,2839
3,2839
4,2839
5,2839
4,2840
5,2840
1,2841
2,2842
3,2842
4,2842
2,2843
3,2843
4,2843
5,2843
2,2844
3,2844
4,2844
5,2844
2,2845
3,2845
4,2845
5,2845
2,2846
3,2846
4,2846
5,2846
2,2847
3,2847
4,2847
5,2847
2,2848
3,2848
4,2848
5,2848
4,2849
5,2849
2,2850
3,2850
4,2850
2,2851
3,2851
4,2851
5,2851
2,2852
3,2852
4,2852
2,2853
3,2853
4,2853
5,2853
1,2854
2,2854
3,2854
4,2854
5,2854
2,2855
3,2855
4,2855
5,2855
2,2856
3,2856
4,2856
5,2856
2,2857
3,2857
4,2857
1,2858
1,2859
2,2860
3,2860
4,2860
5,2860
2,2861
3,2861
4,2861
5,2861
2,2862
3,2862
4,2862
5,2862
1,2863
2,2863
3,2863
4,2863
5,2863
2,2864
3,2864
4,2864
2,2865
3,2865
4,2865
5,2865
2,2866
3,2866
4,2866
5,2866
1,2867
2,2867
3,2867
4,2867
5,2867
4,2868
1,2869
2,2869
1,2870
2,2870
3,2870
4,2870
5,2870
2,2871
3,2871
4,2871
2,2872
3,2872
4,2872
5,2872
2,2873
3,2873
4,2873
2,2874
3,2874
4,2874
1,2875
2,2875
3,2875
4,2875
5,2875
1,2876
2,2876
3,2876
4,2876
5,2876
1,2877
2,2877
3,2877
4,2877
5,2877
2,2878
3,2878
4,2878
5,2878
5,2879
5,2880
2,2881
3,2881
4,2881
1,2882
1,2883
2,2883
3,2883
4,2883
5,2883
5,2884
1,2885
2,2885
3,2885
4,2885
5,2885
2,2886
3,2886
4,2886
2,2887
3,2887
4,2887
2,2888
3,2888
4,2888
2,2889
3,2889
4,2889
1,2890
2,2890
3,2890
4,2890
5,2890
2,2891
1,2892
2,2892
3,2892
4,2892
5,2892
1,2893
2,2893
3,2893
4,2893
5,2893
2,2894
3,2894
4,2894
2,2895
3,2895
4,2895
5,2895
2,2896
3,2896
4,2896
5,2896
1,2897
2,2897
5,2898
5,2899
2,2900
3,2900
4,2900
5,2900
1,2901
2,2901
3,2901
4,2901
5,2901
5,2902
1,2903
2,2903
3,2903
4,2903
5,2903
1,2904
2,2904
3,2904
4,2904
5,2904
2,2905
3,2905
4,2905
2,2906
3,2906
4,2906
5,2906
2,2907
3,2907
4,2907
5,2907
1,2908
2,2908
2,2909
3,2909
4,2909
5,2909
1,2910
2,2910
3,2910
4,2910
5,2910
2,2911
3,2911
4,2911
5,2911
2,2912
3,2912
4,2912
1,2913
2,2913
2,2914
3,2914
4,2914
5,2914
2,2915
3,2915
4,2915
5,2915
2,2916
3,2916
4,2916
5,2916
2,2917
3,2917
4,2917
5,2917
2,2918
3,2918
4,2918
5,2918
2,2919
3,2919
4,2919
5,2919
2,2920
3,2920
4,2920
5,2920
2,2921
3,2921
4,2921
5,2921
2,2922
3,2922
4,2922
5,2922
2,2923
3,2923
4,2923
2,2924
3,2924
4,2924
2,2925
3,2925
4,2925
5,2925
2,2926
3,2926
4,2926
5,2926
5,2927
2,2928
3,2928
4,2928
5,2928
2,2929
3,2929
4,2929
5,2929
1,2930
2,2930
3,2930
4,2930
5,2930
1,2931
2,2931
3,2931
4,2931
5,2931
5,2932
1,2933
2,2933
3,2933
4,2933
5,2933
2,2934
3,2934
4,2934
1,2935
2,2935
3,2935
4,2935
5,2935
2,2936
3,2936
4,2936
1,2937
2,2937
3,2937
4,2937
5,2937
2,2938
3,2938
4,2938
5,2938
2,2939
3,2939
4,2939
5,2939
2,2940
3,2940
4,2940
2,2941
3,2941
4,2941
2,2942
3,2942
4,2942
1,2943
2,2943
3,2943
4,2943
5,2943
1,2944
2,2944
3,2944
4,2944
5,2944
2,2945
3,2945
4,2945
5,2945
1,2946
2,2946
3,2946
4,2946
5,2946
2,2947
3,2947
4,2947
2,2948
3,2948
4,2948
2,2949
3,2949
4,2949
1,2950
2,2950
3,2950
4,2950
5,2950
2,2951
3,2951
4,2951
5,2951
2,2952
3,2952
4,2952
5,2952
2,2953
3,2953
4,2953
5,2953
2,2954
3,2954
4,2954
2,2955
3,2955
4,2955
2,2956
3,2956
4,2956
5,2956
2,2957
3,2957
4,2957
5,2957
5,2958
5,2959
1,2960
2,2960
3,2960
4,2960
5,2960
2,2961
3,2961
4,2961
5,2961
5,2962
2,2963
3,2963
4,2963
5,2963
1,2964
2,2964
3,2964
4,2964
5,2964
2,2965
3,2965
4,2965
2,2966
3,2966
4,2966
2,2967
3,2967
4,2967
5,2967
1,2968
2,2968
3,2968
4,2968
5,2968
2,2969
3,2969
4,2969
5,2969
2,2970
3,2970
4,2970
5,2970
2,2971
3,2971
4,2971
1,2972
2,2972
3,2972
4,2972
5,2972
2,2973
3,2973
4,2973
5,2973
2,2974
3,2974
4,2974
5,2974
2,2975
3,2975
4,2975
2,2976
3,2976
4,2976
1,2977
2,2977
5,2978
5,2979
2,2980
3,2980
4,2980
5,2980
2,2981
3,2981
4,2981
5,2981
2,2982
3,2982
4,2982
1,2983
2,2983
3,2983
4,2983
5,2983
5,2984
1,2985
2,2985
3,2985
4,2985
1,2986
2,2986
3,2986
4,2986
5,2986
2,2987
3,2987
4,2987
2,2988
3,2988
4,2988
5,2988
2,2989
3,2989
4,2989
2,2990
3,2990
4,2990
1,2991
2,2992
3,2992
4,2992
5,2992
2,2993
3,2993
4,2993
5,2994
5,2995
2,2996
3,2996
4,2996
5,2996
2,2997
3,2997
4,2997
5,2997
5,2998
2,2999
3,2999
4,2999
5,3000
5,3001
2,3002
3,3002
4,3002
2,3003
3,3003
4,3003
2,3004
3,3004
4,3004
5,3004
2,3005
3,3005
4,3005
5,3005
2,3006
3,3006
4,3006
5,3006
2,3007
3,3007
4,3007
5,3007
2,3008
3,3008
4,3008
5,3008
1,3009
2,3010
3,3010
4,3010
5,3010
2,3011
3,3011
4,3011
5,3011
2,3012
3,3012
4,3012
5,3012
2,3013
3,3013
4,3013
2,3014
3,3014
4,3014
5,3014
2,3015
3,3015
4,3015
1,3016
2,3016
3,3016
4,3016
5,3016
1,3017
2,3017
3,3017
4,3017
5,3017
2,3018
3,3018
4,3018
2,3019
3,3019
4,3019
2,3020
3,3020
4,3020
5,3020
2,3021
3,3021
4,3021
2,3022
3,3022
4,3022
1,3023
2,3023
3,3023
4,3023
5,3023
1,3024
2,3024
3,3024
4,3024
5,3024
1,3025
2,3025
3,3025
4,3025
5,3025
1,3026
2,3026
3,3026
4,3026
5,3026
2,3027
3,3027
4,3027
5,3028
1,3029
2,3029
3,3029
4,3029
5,3029
2,3030
3,3030
4,3030
2,3031
3,3031
4,3031
1,3032
2,3032
3,3032
4,3032
5,3032
2,3033
3,3033
4,3033
2,3034
3,3034
4,3034
5,3034
5,3035
1,3036
2,3036
3,3036
4,3036
5,3036
2,3037
3,3037
4,3037
5,3037
3,3038
4,3038
5,3038
1,3039
2,3039
3,3039
4,3039
5,3039
2,3040
3,3040
4,3040
2,3041
3,3041
4,3041
2,3042
3,3042
4,3042
5,3043
5,3044
2,3045
3,3045
4,3045
1,3046
2,3046
3,3046
4,3046
2,3047
3,3047
4,3047
5,3047
2,3048
3,3048
4,3048
5,3048
2,3049
3,3049
4,3049
2,3050
3,3050
4,3050
5,3050
2,3051
3,3051
4,3051
1,3052
2,3052
2,3053
2,3054
3,3054
4,3054
1,3055
2,3055
3,3055
4,3055
5,3055
1,3056
2,3056
3,3056
4,3056
5,3056
1,3057
2,3057
3,3057
4,3057
5,3057
2,3058
3,3058
4,3058
5,3058
1,3059
2,3059
3,3059
4,3059
5,3059
2,3060
3,3060
4,3060
5,3061
2,3062
3,3062
4,3062
2,3063
3,3063
4,3063
5,3063
2,3064
3,3064
4,3064
2,3065
3,3065
4,3065
2,3066
3,3066
4,3066
4,3067
5,3067
2,3068
2,3069
3,3069
4,3069
2,3070
3,3070
4,3070
2,3071
3,3071
4,3071
5,3071
2,3072
3,3072
4,3072
2,3073
3,3073
4,3073
5,3073
2,3074
3,3074
4,3074
2,3075
3,3075
4,3075
5,3075
2,3076
3,3076
4,3076
2,3077
3,3077
4,3077
5,3077
1,3078
2,3078
3,3078
4,3078
1,3079
2,3079
3,3079
4,3079
5,3079
2,3080
3,3080
4,3080
2,3081
3,3081
4,3081
2,3082
3,3082
4,3082
5,3082
2,3083
3,3083
4,3083
5,3083
2,3084
3,3084
4,3084
5,3084
5,3085
1,3086
2,3086
3,3086
4,3086
5,3086
2,3087
3,3087
4,3087
2,3088
3,3088
4,3088
1,3089
2,3089
3,3089
4,3089
5,3089
2,3090
3,3090
4,3090
5,3090
1,3091
2,3091
3,3091
4,3091
5,3091
5,3092
1,3093
2,3093
3,3093
4,3093
5,3093
1,3094
2,3094
3,3094
4,3094
5,3094
2,3095
3,3095
4,3095
5,3096
1,3097
2,3097
5,3098
2,3099
3,3099
4,3099
2,3100
3,3100
4,3100
5,3100
2,3101
3,3101
4,3101
2,3102
3,3102
4,3102
2,3103
3,3103
4,3103
2,3104
3,3104
4,3104
3,3105
4,3105
5,3105
5,3106
2,3107
3,3107
4,3107
5,3107
2,3108
3,3108
4,3108
5,3108
1,3109
2,3109
3,3109
4,3109
5,3109
2,3110
3,3110
4,3110
1,3111
2,3111
3,3111
4,3111
5,3111
2,3112
3,3112
4,3112
1,3113
2,3113
3,3113
4,3113
5,3113
1,3114
2,3114
3,3114
4,3114
5,3114
2,3115
3,3115
4,3115
5,3115
1,3116
2,3116
3,3116
4,3116
5,3116
1,3117
2,3117
1,3118
2,3118
3,3118
4,3118
5,3118
2,3119
3,3119
4,3119
2,3120
3,3120
4,3120
1,3121
2,3121
2,3122
1,3123
1,3124
2,3124
3,3124
4,3124
5,3124
2,3125
3,3125
4,3125
5,3125
2,3126
3,3126
4,3126
2,3127
3,3127
4,3127
5,3127
2,3128
3,3128
4,3128
1,3129
2,3129
3,3129
4,3129
5,3129
2,3130
3,3130
4,3130
1,3131
1,3132
2,3132
3,3132
4,3132
5,3132
2,3133
3,3133
4,3133
1,3134
2,3134
2,3135
3,3135
4,3135
5,3135
1,3136
2,3136
1,3137
2,3137
3,3137
4,3137
5,3137
2,3138
3,3138
4,3138
5,3138
1,3139
2,3139
1,3140
2,3140
3,3140
4,3140
5,3140
1,3141
2,3141
3,3141
4,3141
5,3141
1,3142
2,3142
3,3142
4,3142
5,3142
2,3143
3,3143
4,3143
5,3143
2,3144
3,3144
4,3144
2,3145
3,3145
4,3145
5,3145
5,3146
2,3147
3,3147
4,3147
5,3147
1,3148
2,3148
3,3148
4,3148
5,3148
1,3149
2,3149
1,3150
2,3150
2,3151
3,3151
4,3151
5,3151
1,3152
2,3152
3,3152
4,3152
5,3152
1,3153
2,3153
3,3153
4,3153
5,3153
1,3154
2,3154
3,3154
4,3154
5,3154
5,3155
1,3156
2,3156
3,3156
4,3156
5,3156
1,3157
2,3157
3,3157
4,3157
5,3157
1,3158
2,3158
3,3158
4,3158
2,3159
3,3159
4,3159
5,3159
2,3160
3,3160
4,3160
5,3160
2,3161
3,3161
4,3161
5,3161
2,3162
3,3162
4,3162
5,3162
2,3163
3,3163
4,3163
2,3164
3,3164
4,3164
5,3164
5,3165
5,3166
2,3167
3,3167
4,3167
2,3168
3,3168
4,3168
5,3168
1,3169
2,3169
3,3169
4,3169
5,3169
5,3170
1,3171
2,3171
3,3171
4,3171
1,3172
2,3172
3,3172
4,3172
5,3172
1,3173
2,3173
3,3173
4,3173
5,3173
1,3174
2,3174
3,3174
4,3174
5,3174
1,3175
2,3175
3,3175
4,3175
5,3175
5,3176
1,3177
2,3177
2,3178
2,3179
3,3179
4,3179
5,3179
2,3180
3,3180
4,3180
2,3181
3,3181
4,3181
1,3182
2,3182
3,3182
4,3182
5,3182
2,3183
3,3183
4,3183
2,3184
3,3184
4,3184
5,3184
1,3185
2,3185
3,3185
4,3185
5,3185
1,3186
2,3187
3,3187
4,3187
5,3187
2,3188
2,3189
2,3190
3,3190
4,3190
5,3190
2,3191
3,3191
4,3191
5,3191
1,3192
3,3193
2,3194
3,3194
4,3195
2,3196
3,3196
4,3196
5,3196
1,3197
2,3197
3,3197
4,3197
5,3197
1,3198
1,3199
2,3199
3,3199
4,3199
5,3199
1,3200
2,3200
3,3200
4,3200
5,3200
1,3201
2,3201
3,3201
1,3202
2,3202
2,3203
2,3204
3,3204
4,3204
5,3204
1,3205
2,3205
3,3205
4,3205
5,3205
1,3206
2,3206
3,3206
4,3206
5,3206
5,3207
2,3208
2,3209
3,3209
4,3209
5,3209
2,3210
3,3210
2,3211
3,3211
4,3211
5,3211
2,3212
3,3212
4,3212
5,3212
2,3213
3,3213
4,3213
5,3213
2,3214
3,3214
4,3214
5,3214
2,3215
3,3215
4,3215
5,3215
2,3216
3,3216
4,3216
5,3216
2,3217
3,3217
4,3217
5,3217
2,3218
3,3218
4,3218
5,3218
2,3219
2,3220
3,3220
4,3220
5,3220
2,3221
3,3221
4,3221
2,3222
3,3222
4,3222
1,3223
2,3224
3,3224
4,3224
5,3224
1,3225
2,3225
3,3225
4,3225
5,3225
1,3226
2,3226
3,3226
4,3226
5,3226
1,3227
2,3227
3,3227
4,3227
5,3227
2,3228
3,3228
4,3228
5,3228
2,3229
3,3229
4,3229
5,3229
1,3230
2,3230
3,3230
4,3230
2,3231
3,3231
4,3231
5,3231
2,3232
3,3232
4,3232
5,3232
5,3233
2,3234
3,3234
4,3234
2,3235
3,3235
4,3235
5,3235
2,3236
3,3236
4,3236
5,3236
2,3237
3,3237
4,3237
5,3237
2,3238
3,3238
1,3239
1,3240
2,3240
3,3240
4,3240
5,3240
2,3241
3,3241
4,3241
1,3242
2,3242
3,3242
4,3242
1,3243
1,3244
2,3244
3,3244
4,3244
5,3244
2,3245
3,3245
4,3245
5,3245
2,3246
3,3246
4,3246
2,3247
3,3247
4,3247
5,3247
2,3248
3,3248
4,3248
5,3248
2,3249
3,3249
4,3249
2,3250
3,3250
4,3250
5,3250
2,3251
3,3251
4,3251
5,3251
2,3252
3,3252
4,3252
5,3252
1,3253
2,3253
3,3253
4,3253
5,3253
4,3254
1,3255
2,3255
3,3255
4,3255
5,3255
1,3256
2,3256
1,3257
2,3257
3,3257
4,3257
5,3257
2,3258
3,3258
4,3258
2,3259
3,3259
4,3259
5,3259
1,3260
2,3260
3,3260
4,3260
5,3260
2,3261
3,3261
4,3261
3,3262
4,3262
5,3262
2,3263
3,3263
4,3263
5,3263
1,3264
2,3264
3,3264
4,3264
5,3264
3,3265
4,3265
3,3266
4,3266
5,3266
2,3267
3,3267
4,3267
1,3268
2,3268
3,3268
4,3268
5,3268
1,3269
2,3269
3,3269
4,3269
5,3269
1,3270
2,3271
3,3271
4,3271
4,3272
5,3272
2,3273
3,3273
4,3273
5,3273
2,3274
3,3274
4,3274
5,3274
2,3275
3,3275
4,3275
5,3275
5,3276
1,3277
2,3277
3,3277
4,3277
5,3277
2,3278
3,3278
4,3278
5,3279
1,3280
2,3280
3,3280
4,3280
5,3280
1,3281
5,3282
2,3283
3,3283
4,3283
2,3284
3,3284
4,3284
5,3284
2,3285
3,3285
4,3285
5,3285
2,3286
3,3286
4,3286
1,3287
2,3287
3,3287
4,3287
5,3287
1,3288
2,3288
3,3288
4,3288
5,3288
2,3289
3,3289
4,3289
5,3289
2,3290
3,3290
4,3290
5,3290
1,3291
2,3291
3,3291
4,3291
5,3291
2,3292
3,3292
4,3292
5,3292
2,3293
3,3293
4,3293
5,3293
2,3294
3,3294
4,3294
2,3295
3,3295
4,3295
5,3295
2,3296
3,3296
4,3296
5,3296
5,3297
2,3298
3,3298
4,3298
5,3298
2,3299
3,3299
4,3299
5,3299
5,3300
2,3301
3,3301
4,3301
5,3301
1,3302
2,3302
3,3302
4,3302
5,3302
5,3303
2,3304
3,3304
4,3304
5,3304
2,3305
3,3305
4,3305
5,3305
2,3306
3,3306
4,3306
2,3307
3,3307
4,3307
2,3308
3,3308
4,3308
2,3309
3,3309
4,3309
1,3310
2,3310
3,3310
4,3310
5,3310
2,3311
3,3311
4,3311
2,3312
3,3312
4,3312
5,3312
5,3313
2,3314
3,3314
4,3314
5,3314
2,3315
3,3315
4,3315
2,3316
3,3316
4,3316
1,3317
2,3317
3,3317
4,3317
5,3317
2,3318
3,3318
4,3318
2,3319
3,3319
4,3319
5,3319
1,3320
2,3320
5,3321
2,3322
3,3322
4,3322
3,3323
4,3323
5,3323
2,3324
3,3324
4,3324
5,3324
4,3325
2,3326
3,3326
4,3326
5,3326
2,3327
3,3327
4,3327
5,3327
2,3328
3,3328
4,3328
5,3328
2,3329
3,3329
4,3329
5,3329
2,3330
3,3330
4,3330
5,3330
2,3331
3,3331
4,3331
5,3331
2,3332
3,3332
4,3332
5,3332
2,3333
3,3333
4,3333
5,3333
2,3334
3,3334
4,3334
5,3334
2,3335
3,3335
4,3335
5,3335
2,3336
3,3336
4,3336
5,3336
2,3337
3,3337
4,3337
1,3338
2,3338
3,3338
4,3338
5,3338
2,3339
3,3339
4,3339
5,3339
1,3340
2,3340
3,3340
4,3340
5,3340
2,3341
3,3341
4,3341
5,3341
1,3342
2,3342
3,3342
4,3342
5,3342
1,3343
2,3343
3,3343
4,3343
5,3343
1,3344
2,3344
2,3345
3,3345
4,3345
5,3345
1,3346
2,3346
4,3347
5,3347
2,3348
3,3348
4,3348
2,3349
3,3349
4,3349
5,3349
2,3350
3,3350
4,3350
5,3350
2,3351
3,3351
4,3351
5,3351
2,3352
3,3352
4,3352
5,3352
2,3353
3,3353
4,3353
2,3354
3,3354
4,3354
5,3354
2,3355
3,3355
4,3355
5,3355
1,3356
2,3356
3,3356
4,3356
5,3356
2,3357
3,3357
4,3357
5,3357
2,3358
3,3358
4,3358
5,3358
1,3359
2,3359
3,3359
4,3359
5,3359
1,3360
2,3360
3,3360
4,3360
5,3360
2,3361
3,3361
4,3361
5,3361
2,3362
3,3362
4,3362
5,3362
5,3363
2,3364
3,3364
4,3364
2,3365
3,3365
4,3365
5,3365
2,3366
3,3366
4,3366
5,3366
2,3367
3,3367
4,3367
5,3367
2,3368
3,3368
4,3368
5,3368
2,3369
3,3369
4,3369
2,3370
3,3370
4,3370
2,3371
3,3371
4,3371
5,3371
1,3372
2,3372
3,3373
4,3373
5,3373
2,3374
3,3374
4,3374
5,3374
1,3375
2,3375
3,3375
4,3375
5,3375
1,3376
2,3376
2,3377
3,3377
4,3377
5,3377
2,3378
3,3378
4,3378
5,3379
2,3380
3,3380
4,3380
5,3380
3,3381
4,3381
5,3381
2,3382
3,3382
4,3382
5,3382
4,3383
5,3383
2,3384
2,3385
3,3385
4,3385
5,3385
2,3386
3,3386
4,3386
3,3387
4,3387
5,3387
1,3388
2,3388
3,3388
4,3388
5,3388
5,3389
2,3390
3,3390
4,3390
5,3390
2,3391
3,3391
4,3391
5,3391
2,3392
3,3392
4,3392
5,3392
2,3393
3,3393
4,3393
5,3393
2,3394
3,3394
4,3394
5,3394
1,3395
2,3395
3,3395
4,3395
5,3395
1,3396
2,3396
3,3396
4,3396
5,3396
1,3397
2,3397
3,3397
4,3397
5,3397
5,3398
1,3399
2,3399
3,3399
4,3399
5,3399
2,3400
3,3400
4,3400
5,3401
1,3402
2,3402
3,3402
4,3402
5,3402
2,3403
3,3403
4,3403
5,3403
4,3404
5,3404
5,3405
1,3406
2,3406
3,3406
4,3406
5,3406
1,3407
2,3407
3,3407
4,3407
5,3407
2,3408
3,3408
4,3408
5,3408
1,3409
2,3409
3,3409
4,3409
5,3409
1,3410
2,3410
3,3410
4,3410
5,3410
1,3411
2,3411
3,3411
4,3411
5,3411
1,3412
2,3412
1,3413
2,3413
1,3414
2,3414
5,3415
1,3416
2,3416
3,3416
4,3416
5,3416
2,3417
3,3417
4,3417
1,3418
2,3418
3,3418
4,3418
5,3418
1,3419
2,3419
3,3419
4,3419
5,3419
1,3420
2,3420
3,3420
4,3420
5,3420
2,3421
3,3421
4,3421
4,3422
5,3422
1,3423
2,3423
1,3424
2,3424
2,3425
3,3425
4,3425
2,3426
3,3426
4,3426
5,3426
3,3427
4,3427
5,3427
2,3428
3,3428
4,3428
2,3429
3,3429
4,3429
5,3429
2,3430
3,3430
4,3430
2,3431
3,3431
4,3431
5,3432
1,3433
2,3433
3,3433
4,3433
5,3433
2,3434
3,3434
4,3434
1,3435
2,3435
3,3435
4,3435
5,3435
1,3436
2,3436
3,3436
4,3436
5,3436
5,3437
1,3438
2,3438
3,3438
4,3438
5,3438
5,3439
5,3440
2,3441
3,3441
4,3441
5,3441
1,3442
2,3442
3,3442
4,3442
5,3442
1,3443
2,3443
3,3443
4,3443
5,3443
2,3444
3,3444
4,3444
5,3444
1,3445
2,3445
1,3446
2,3446
3,3446
4,3446
5,3446
1,3447
2,3447
3,3447
4,3447
5,3447
2,3448
3,3448
4,3448
1,3449
2,3449
3,3449
4,3449
5,3449
2,3450
3,3450
4,3450
2,3451
5,3452
2,3453
3,3453
4,3453
5,3453
2,3454
3,3454
4,3454
5,3454
2,3455
3,3455
4,3455
5,3455
2,3456
3,3456
4,3456
2,3457
3,3457
4,3457
4,3458
5,3458
2,3459
3,3459
4,3459
5,3459
2,3460
3,3460
4,3460
5,3460
2,3461
3,3461
4,3461
5,3461
2,3462
2,3463
5,3464
1,3465
2,3465
3,3465
4,3465
5,3465
2,3466
3,3466
4,3466
5,3466
2,3467
3,3467
4,3467
5,3467
2,3468
3,3468
4,3468
5,3468
2,3469
3,3469
4,3469
5,3469
2,3470
3,3470
4,3470
5,3470
2,3471
3,3471
4,3471
5,3471
2,3472
3,3472
4,3472
5,3472
2,3473
3,3473
4,3473
5,3473
2,3474
3,3474
4,3474
2,3475
3,3475
4,3475
5,3475
2,3476
3,3476
4,3476
5,3476
2,3477
3,3477
4,3477
2,3478
3,3478
4,3478
5,3478
1,3479
2,3479
3,3479
4,3479
5,3479
1,3480
2,3480
1,3481
2,3481
3,3481
4,3481
5,3481
5,3482
5,3483
1,3484
2,3484
2,3485
3,3485
4,3485
5,3485
2,3486
3,3486
4,3486
5,3486
1,3487
2,3487
3,3487
4,3487
5,3487
2,3488
3,3488
4,3488
5,3488
2,3489
3,3489
4,3489
1,3490
2,3490
3,3490
4,3490
5,3490
1,3491
2,3491
3,3491
4,3491
5,3491
1,3492
2,3492
2,3493
3,3493
4,3493
5,3493
4,3494
5,3494
2,3495
3,3495
4,3495
5,3495
1,3496
2,3496
2,3497
3,3497
4,3497
2,3498
3,3498
4,3498
2,3499
3,3499
4,3499
2,3500
1,3501
2,3501
1,3502
2,3502
2,3503
3,3503
4,3503
5,3503
2,3504
3,3504
4,3504
5,3504
1,3505
2,3505
3,3505
4,3505
5,3505
1,3506
2,3506
3,3506
4,3506
5,3506
1,3507
2,3507
3,3507
4,3507
5,3507
5,3508
1,3509
2,3509
3,3509
4,3509
5,3509
2,3510
3,3510
4,3510
1,3511
2,3511
1,3512
2,3512
3,3512
4,3512
5,3512
3,3513
4,3513
5,3513
3,3514
4,3514
5,3514
5,3515
1,3516
2,3516
3,3516
4,3516
5,3516
1,3517
2,3517
3,3517
4,3517
5,3517
2,3518
3,3518
4,3518
1,3519
2,3519
3,3519
4,3519
5,3519
2,3520
3,3520
4,3520
5,3520
4,3521
5,3521
1,3522
2,3522
3,3522
4,3522
5,3522
4,3523
5,3523
1,3524
2,3524
3,3524
4,3524
5,3524
1,3525
2,3525
3,3525
4,3525
5,3525
2,3526
3,3526
4,3526
5,3526
1,3527
1,3528
2,3528
1,3529
1,3530
2,3531
3,3531
4,3531
2,3532
3,3532
4,3532
1,3533
2,3533
1,3534
2,3534
2,3535
3,3535
4,3535
1,3536
2,3536
3,3536
4,3536
5,3536
2,3537
3,3537
4,3537
5,3537
2,3538
3,3538
4,3538
2,3539
3,3539
4,3539
5,3539
2,3540
3,3540
4,3540
5,3540
1,3541
2,3541
2,3542
3,3542
4,3542
5,3542
2,3543
3,3543
4,3543
5,3543
2,3544
3,3544
4,3544
5,3544
1,3545
2,3545
3,3545
4,3545
5,3545
1,3546
2,3546
3,3546
4,3546
5,3546
2,3547
3,3547
4,3547
5,3547
2,3548
3,3548
4,3548
2,3549
3,3549
4,3549
5,3549
1,3550
2,3550
3,3550
4,3550
5,3550
2,3551
1,3552
2,3552
1,3553
1,3554
1,3555
2,3555
3,3555
4,3555
5,3555
2,3556
3,3556
4,3556
2,3557
3,3557
4,3557
5,3557
2,3558
3,3558
4,3558
5,3558
2,3559
3,3559
4,3559
2,3560
3,3560
4,3560
2,3561
3,3561
4,3561
5,3561
2,3562
3,3562
4,3562
5,3562
2,3563
3,3563
4,3563
5,3563
2,3564
3,3564
4,3564
2,3565
3,3565
4,3565
2,3566
3,3566
4,3566
5,3566
2,3567
3,3567
4,3567
5,3567
2,3568
3,3568
4,3568
1,3569
2,3570
3,3570
4,3570
5,3570
1,3571
2,3571
5,3572
2,3573
3,3573
4,3573
5,3573
2,3574
3,3574
4,3574
5,3574
2,3575
3,3575
4,3575
5,3575
1,3576
2,3576
3,3576
4,3576
5,3576
1,3577
2,3577
3,3577
4,3577
5,3577
1,3578
2,3578
3,3578
4,3578
5,3578
5,3579
1,3580
2,3581
3,3581
4,3581
2,3582
3,3582
4,3582
5,3582
1,3583
2,3583
1,3584
2,3584
3,3584
4,3584
5,3584
