welfaretarget_target_id,welfare_id
5,1
4,2
5,3
5,4
5,5
5,6
1,7
0,8
5,9
5,10
5,11
0,12
0,13
5,13
1,14
5,14
5,15
5,16
5,17
5,18
5,19
5,20
5,21
5,22
5,23
5,24
5,25
5,26
5,27
5,28
5,29
5,30
5,31
5,32
5,33
0,34
5,35
5,36
5,37
5,38
5,39
5,40
0,41
5,42
5,43
5,44
5,45
5,46
5,47
5,48
5,49
5,50
5,51
5,52
5,53
0,54
5,54
5,55
5,56
5,57
0,58
1,58
5,59
5,60
5,61
2,62
3,62
4,62
5,62
0,63
1,63
4,63
5,63
5,64
0,65
1,66
1,67
4,67
5,68
3,69
0,69
4,69
1,69
4,70
3,71
3,72
3,73
3,74
3,75
3,76
3,77
3,78
3,79
3,80
3,81
3,82
3,83
3,84
3,85
3,86
3,87
3,88
3,89
3,90
3,91
3,92
3,93
3,94
3,95
3,96
3,97
3,98
3,99
0,99
4,99
1,99
3,100
0,100
4,100
1,100
3,101
0,101
4,101
1,101
3,102
0,102
4,102
1,102
5,103
5,104
3,105
0,105
4,105
1,105
5,106
0,107
0,108
0,109
3,110
0,110
4,110
1,110
0,111
3,112
0,112
4,112
1,112
3,113
0,113
4,113
1,113
5,114
3,115
0,115
4,115
1,115
3,116
0,116
4,116
1,116
5,117
5,118
3,119
0,119
4,119
1,119
5,120
5,121
5,122
5,123
3,124
0,124
4,124
1,124
5,125
3,126
0,126
4,126
1,126
3,127
0,127
4,127
1,127
5,128
5,129
5,130
3,131
0,131
4,131
1,131
5,132
3,133
0,133
4,133
1,133
3,134
0,134
4,134
1,134
5,135
3,136
0,136
4,136
1,136
3,137
0,137
4,137
1,137
3,138
0,138
4,138
1,138
3,139
0,139
4,139
1,139
3,140
0,140
4,140
1,140
3,141
0,141
4,141
1,141
4,142
3,143
3,144
3,145
0,145
4,145
1,145
3,146
3,147
3,148
4,149
1,150
5,151
4,152
5,153
4,154
3,155
4,155
1,155
0,156
5,157
1,158
5,159
4,160
5,161
1,162
1,163
1,164
1,165
1,166
5,167
1,168
1,169
1,170
1,171
3,172
3,173
3,174
3,175
3,176
3,177
3,178
3,179
3,180
3,181
3,182
3,183
3,184
3,185
3,186
3,187
3,188
3,189
3,190
3,191
3,192
3,193
3,194
3,195
3,196
3,197
3,198
3,199
3,200
3,201
3,202
3,203
3,204
3,205
0,205
4,205
1,205
3,206
0,206
4,206
1,206
5,207
3,208
0,208
4,208
1,208
3,209
0,209
4,209
1,209
3,210
0,210
4,210
1,210
3,211
0,211
4,211
1,211
0,212
5,213
5,214
3,215
5,216
3,217
0,217
4,217
1,217
5,218
5,219
5,220
3,221
0,221
4,221
1,221
5,222
3,223
0,223
4,223
1,223
3,224
0,224
4,224
1,224
5,225
5,226
5,227
0,228
5,229
3,230
0,230
4,230
1,230
3,231
0,231
4,231
1,231
3,232
0,232
4,232
1,232
0,233
5,234
5,235
3,236
0,236
4,236
1,236
5,237
5,238
3,239
0,239
4,239
1,239
5,240
3,241
0,241
4,241
1,241
3,242
0,242
4,242
1,242
5,243
0,244
5,245
5,246
5,247
5,248
3,249
0,249
4,249
1,249
3,250
0,250
4,250
1,250
5,251
3,252
0,252
4,252
1,252
3,253
0,253
4,253
1,253
3,254
0,254
4,254
1,254
0,255
0,256
0,257
5,258
3,259
0,259
4,259
1,259
5,260
5,261
5,262
3,263
0,263
4,263
1,263
3,264
0,264
4,264
1,264
5,265
3,266
0,266
4,266
1,266
0,267
3,268
0,268
4,268
1,268
5,269
3,270
0,270
4,270
1,270
3,271
0,271
4,271
1,271
5,272
3,273
0,273
4,273
1,273
5,274
3,275
0,275
4,275
1,275
3,276
0,276
4,276
1,276
5,277
3,278
0,278
4,278
1,278
5,279
5,280
3,281
0,281
4,281
1,281
3,282
0,282
4,282
1,282
5,283
5,284
0,285
0,286
3,287
0,287
4,287
1,287
3,288
0,288
4,288
1,288
3,289
0,289
4,289
1,289
3,290
0,290
4,290
1,290
5,291
1,292
1,293
3,294
0,294
4,294
1,294
1,295
0,296
3,297
0,297
4,297
1,297
3,298
0,298
4,298
1,298
3,299
0,299
4,299
1,299
3,300
0,300
4,300
1,300
3,301
0,301
4,301
1,301
3,302
0,302
4,302
1,302
3,303
0,303
4,303
1,303
3,304
0,304
4,304
1,304
3,305
0,305
4,305
1,305
5,306
5,307
3,308
0,308
4,308
1,308
3,309
0,309
4,309
1,309
3,310
0,310
4,310
1,310
3,311
0,311
4,311
1,311
3,312
0,312
4,312
1,312
3,313
0,313
4,313
1,313
4,314
5,315
3,316
0,316
4,316
1,316
5,317
0,318
5,319
5,320
5,321
5,322
5,323
3,324
0,324
4,324
1,324
5,325
5,326
3,327
0,327
4,327
1,327
5,328
5,329
5,330
3,331
0,331
4,331
1,331
0,332
3,333
0,333
4,333
1,333
5,334
3,335
0,335
4,335
1,335
3,336
0,336
4,336
1,336
5,337
5,338
3,339
0,339
4,339
1,339
5,340
3,341
0,341
4,341
1,341
5,342
5,343
5,344
3,345
0,345
4,345
1,345
5,346
5,347
5,348
5,349
3,350
0,350
4,350
1,350
5,351
1,352
3,353
0,353
4,353
1,353
5,354
5,355
3,356
0,356
4,356
1,356
3,357
0,357
4,357
1,357
5,358
5,359
5,360
3,361
0,361
4,361
1,361
5,362
5,363
0,364
5,365
5,366
5,367
5,368
5,369
0,370
5,371
3,372
0,372
4,372
1,372
3,373
0,373
4,373
1,373
5,374
3,375
0,375
4,375
1,375
3,376
0,376
4,376
1,376
5,377
5,378
5,379
3,380
0,380
4,380
1,380
3,381
0,381
4,381
1,381
5,382
5,383
3,384
0,384
4,384
1,384
3,385
0,385
4,385
1,385
5,386
5,387
5,388
3,389
0,389
4,389
1,389
3,390
0,390
4,390
1,390
5,391
5,392
5,393
3,394
0,394
4,394
1,394
5,395
5,396
5,397
3,398
0,398
4,398
1,398
5,399
5,400
3,401
0,401
4,401
1,401
3,402
0,402
4,402
1,402
3,403
0,403
4,403
1,403
3,404
0,404
4,404
1,404
5,405
3,406
3,407
0,407
4,407
1,407
5,408
3,409
0,409
4,409
1,409
5,410
3,411
0,411
4,411
1,411
5,412
5,413
5,414
5,415
3,416
0,416
4,416
1,416
0,417
3,418
0,418
4,418
1,418
5,419
3,420
0,420
4,420
1,420
5,421
3,422
0,422
4,422
1,422
5,423
5,424
5,425
5,426
5,427
5,428
3,429
0,429
4,429
1,429
5,430
3,431
0,431
4,431
1,431
5,432
3,433
0,433
4,433
1,433
5,434
5,435
3,436
0,436
4,436
1,436
3,437
0,437
4,437
1,437
5,438
5,439
3,440
0,440
4,440
1,440
4,441
5,442
5,443
3,444
0,444
4,444
1,444
3,445
0,445
4,445
1,445
3,446
0,446
4,446
1,446
3,447
0,447
4,447
1,447
3,448
0,448
4,448
1,448
3,449
0,449
4,449
1,449
3,450
0,450
4,450
1,450
3,451
0,451
4,451
1,451
5,452
4,453
3,454
0,454
4,454
1,454
3,455
0,455
4,455
1,455
3,456
0,456
4,456
1,456
3,457
0,457
4,457
1,457
3,458
0,458
4,458
1,458
5,459
3,460
0,460
4,460
1,460
3,461
0,461
4,461
1,461
3,462
0,462
4,462
1,462
3,463
0,463
4,463
1,463
5,464
5,465
3,466
0,466
4,466
1,466
3,467
0,467
4,467
1,467
5,468
3,469
0,469
4,469
1,469
5,470
3,471
0,471
4,471
1,471
5,472
5,473
3,474
0,474
4,474
1,474
5,475
5,476
3,477
0,477
4,477
1,477
3,478
0,478
4,478
1,478
5,479
5,480
3,481
0,481
4,481
1,481
0,482
3,483
0,483
4,483
1,483
3,484
0,484
4,484
1,484
3,485
0,485
4,485
1,485
5,486
3,487
0,487
4,487
1,487
3,488
0,489
5,490
5,491
5,492
5,493
3,494
0,494
4,494
1,494
5,495
5,496
5,497
5,498
5,499
3,500
0,500
4,500
1,500
3,501
0,501
4,501
1,501
5,502
5,503
0,504
3,505
0,505
4,505
1,505
5,506
0,507
5,508
5,509
0,510
5,511
0,512
5,513
5,514
5,515
0,516
5,517
5,518
3,519
0,519
4,519
1,519
3,520
0,520
4,520
1,520
3,521
0,521
4,521
1,521
5,522
5,523
3,524
0,524
4,524
1,524
3,525
0,525
4,525
1,525
5,526
5,527
5,528
3,529
0,529
4,529
1,529
3,530
0,530
4,530
1,530
5,531
5,532
3,533
0,533
4,533
1,533
3,534
0,534
4,534
1,534
3,535
0,535
4,535
1,535
0,536
3,537
0,537
4,537
1,537
3,538
0,538
4,538
1,538
5,539
3,540
0,540
4,540
1,540
3,541
0,541
4,541
1,541
3,542
0,542
4,542
1,542
5,543
5,544
0,545
3,546
0,546
4,546
1,546
5,547
5,548
5,549
0,550
3,551
0,551
4,551
1,551
5,552
3,553
5,554
5,555
3,556
0,556
4,556
1,556
3,557
0,557
4,557
1,557
3,558
0,558
4,558
1,558
5,559
5,560
5,561
3,562
0,562
4,562
1,562
3,563
0,563
4,563
1,563
0,564
5,565
0,566
5,567
3,568
0,568
4,568
1,568
5,569
3,570
0,570
4,570
1,570
0,571
5,572
3,573
0,573
4,573
1,573
5,574
5,575
5,576
5,577
3,578
3,579
0,579
4,579
1,579
5,580
3,581
5,582
3,583
0,583
4,583
1,583
0,584
3,585
0,585
4,585
1,585
5,586
5,587
3,588
0,588
4,588
1,588
3,589
3,590
5,591
3,592
3,593
0,593
4,593
1,593
3,594
5,595
5,596
3,597
3,598
3,599
0,599
4,599
1,599
3,600
3,601
0,602
3,603
0,603
4,603
1,603
3,604
3,605
3,606
5,607
3,608
5,609
3,610
0,610
4,610
1,610
5,611
3,612
0,612
4,612
1,612
5,613
3,614
0,614
4,614
1,614
5,615
3,616
0,616
4,616
1,616
5,617
5,618
5,619
5,620
5,621
5,622
3,623
0,623
4,623
1,623
5,624
5,625
5,626
3,627
0,627
4,627
1,627
5,628
3,629
0,629
4,629
1,629
5,630
3,631
0,631
4,631
1,631
3,632
0,632
4,632
1,632
5,633
5,634
5,635
5,636
5,637
3,638
0,638
4,638
1,638
5,639
3,640
0,641
5,642
5,643
5,644
3,645
0,645
4,645
1,645
3,646
3,647
0,647
4,647
1,647
0,648
5,649
0,650
3,651
3,652
0,652
4,652
1,652
3,653
3,654
3,655
5,656
3,657
0,657
4,657
1,657
3,658
3,659
0,659
4,659
1,659
3,660
0,660
4,660
1,660
3,661
0,661
4,661
1,661
3,662
0,662
4,662
1,662
3,663
0,663
4,663
1,663
5,664
3,665
3,666
3,667
3,668
0,668
4,668
1,668
5,669
5,670
0,671
3,672
0,672
4,672
1,672
3,673
0,673
4,673
1,673
5,674
0,675
5,676
5,677
3,678
0,678
4,678
1,678
3,679
0,680
5,681
5,682
5,683
3,684
0,684
4,684
1,684
3,685
0,685
4,685
1,685
3,686
0,686
4,686
1,686
5,687
5,688
5,689
5,690
5,691
3,692
0,692
4,692
1,692
5,693
3,694
0,694
4,694
1,694
5,695
5,696
5,697
5,698
3,699
0,699
4,699
1,699
0,700
5,701
5,702
3,703
0,703
4,703
1,703
3,704
0,704
4,704
1,704
3,705
0,705
4,705
1,705
5,706
5,707
3,708
5,709
3,710
5,711
5,712
5,713
3,714
0,714
4,714
1,714
5,715
3,716
0,716
4,716
1,716
3,717
5,718
3,719
0,719
4,719
1,719
5,720
3,721
0,721
4,721
1,721
5,722
3,723
0,723
4,723
1,723
5,724
5,725
4,726
5,727
5,728
3,729
0,729
4,729
1,729
5,730
0,731
5,732
5,733
5,734
3,735
3,736
0,737
3,738
5,739
4,740
5,741
3,742
0,742
4,742
1,742
3,743
0,743
4,743
1,743
1,744
5,745
3,746
5,747
5,748
0,749
5,750
3,751
3,752
5,753
3,754
0,754
4,754
1,754
3,755
0,755
4,755
1,755
3,756
0,756
4,756
1,756
3,757
0,757
4,757
1,757
3,758
0,758
4,758
1,758
5,759
5,760
5,761
5,762
5,763
4,764
1,764
3,765
0,765
4,765
1,765
3,766
0,766
4,766
1,766
3,767
0,767
4,767
1,767
3,768
0,768
4,768
1,768
5,769
3,770
0,770
4,770
1,770
3,771
0,771
4,771
1,771
5,772
5,773
5,774
5,775
5,776
5,777
5,778
3,779
0,779
4,779
1,779
3,780
0,780
4,780
1,780
0,781
0,782
3,783
0,783
4,783
1,783
3,784
0,784
4,784
1,784
5,785
5,786
5,787
5,788
1,789
1,790
0,791
0,792
0,793
5,794
5,795
5,796
5,797
5,798
5,799
3,800
0,800
4,800
1,800
5,801
5,802
5,803
5,804
5,805
5,806
5,807
3,808
0,808
4,808
1,808
3,809
0,809
4,809
1,809
5,810
3,811
0,811
4,811
1,811
3,812
0,812
4,812
1,812
3,813
0,813
4,813
1,813
3,814
0,814
4,814
1,814
5,815
3,816
0,816
4,816
1,816
5,817
5,818
5,819
3,820
0,820
4,820
1,820
5,821
3,822
0,822
4,822
1,822
3,823
0,823
4,823
1,823
3,824
3,825
5,826
5,827
5,828
3,829
0,829
4,829
1,829
3,830
0,830
4,830
1,830
3,831
5,832
5,833
3,834
0,834
4,834
1,834
5,835
3,836
0,836
4,836
1,836
3,837
0,837
4,837
1,837
1,838
5,839
0,840
5,841
3,842
0,842
4,842
1,842
3,843
3,844
0,844
4,844
1,844
5,845
3,846
0,846
4,846
1,846
3,847
0,847
4,847
1,847
5,848
5,849
5,850
5,851
4,852
1,852
5,853
5,854
3,855
0,855
4,855
1,855
5,856
5,857
5,858
3,859
0,859
4,859
1,859
3,860
3,861
0,862
1,863
5,864
3,865
0,865
4,865
1,865
5,866
0,867
5,868
3,869
3,870
0,870
4,870
1,870
3,871
0,871
4,871
1,871
5,872
3,873
0,874
3,875
0,875
4,875
1,875
5,876
3,877
0,877
4,877
1,877
3,878
0,878
4,878
1,878
3,879
3,880
0,880
4,880
1,880
5,881
3,882
0,883
3,884
0,884
4,884
1,884
3,885
0,886
0,887
5,888
5,889
5,890
5,891
3,892
0,892
4,892
1,892
3,893
5,894
5,895
3,896
0,896
4,896
1,896
3,897
0,897
4,897
1,897
3,898
0,898
4,898
1,898
5,899
3,900
0,900
4,900
1,900
3,901
0,901
4,901
1,901
5,902
5,903
3,904
0,904
4,904
1,904
3,905
0,905
4,905
1,905
1,906
3,907
0,907
4,907
1,907
3,908
0,908
4,908
1,908
3,909
0,909
4,909
1,909
5,910
5,911
0,912
5,913
3,914
0,914
4,914
1,914
5,915
5,916
5,917
5,918
5,919
3,920
0,920
4,920
1,920
3,921
0,921
4,921
1,921
5,922
5,923
5,924
3,925
0,925
4,925
1,925
5,926
5,927
5,928
5,929
0,930
0,931
5,932
0,933
3,934
0,934
4,934
1,934
3,935
3,936
0,936
4,936
1,936
0,937
3,938
0,938
4,938
1,938
5,939
3,940
0,940
4,940
1,940
5,941
5,942
0,943
5,944
5,945
5,946
3,947
0,947
4,947
1,947
3,948
0,948
4,948
1,948
3,949
0,949
4,949
1,949
3,950
0,950
4,950
1,950
5,951
3,952
3,953
0,953
4,953
1,953
3,954
0,954
4,954
1,954
5,955
3,956
0,956
4,956
1,956
5,957
3,958
0,958
4,958
1,958
3,959
0,959
4,959
1,959
3,960
0,960
4,960
1,960
5,961
5,962
5,963
3,964
0,965
5,966
5,967
5,968
3,969
0,969
4,969
1,969
5,970
5,971
5,972
5,973
5,974
5,975
3,976
0,976
4,976
1,976
0,977
3,978
0,978
4,978
1,978
3,979
0,979
4,979
1,979
5,980
0,981
3,982
0,982
4,982
1,982
5,983
3,984
3,985
0,985
4,985
1,985
0,986
5,987
3,988
0,988
4,988
1,988
3,989
4,990
0,991
5,992
0,993
0,994
3,995
0,995
4,995
1,995
0,996
5,997
5,998
5,999
3,1000
0,1000
4,1000
1,1000
3,1001
0,1001
4,1001
1,1001
4,1002
1,1002
5,1003
3,1004
0,1004
4,1004
1,1004
0,1005
3,1006
0,1006
4,1006
1,1006
5,1007
3,1008
0,1008
4,1008
1,1008
3,1009
0,1009
4,1009
1,1009
5,1010
3,1011
3,1012
0,1012
4,1012
1,1012
0,1013
3,1014
0,1014
4,1014
1,1014
5,1015
3,1016
0,1016
4,1016
1,1016
0,1017
3,1018
0,1018
4,1018
1,1018
5,1019
3,1020
0,1020
4,1020
1,1020
5,1021
3,1022
0,1022
4,1022
1,1022
5,1023
5,1024
3,1025
0,1025
4,1025
1,1025
5,1026
3,1027
0,1027
4,1027
1,1027
3,1028
0,1028
4,1028
1,1028
5,1029
5,1030
3,1031
0,1031
4,1031
1,1031
3,1032
0,1032
4,1032
1,1032
3,1033
0,1033
4,1033
1,1033
3,1034
0,1034
4,1034
1,1034
5,1035
0,1036
3,1037
5,1038
3,1039
5,1040
5,1041
3,1042
5,1043
5,1044
5,1045
3,1046
0,1046
4,1046
1,1046
3,1047
0,1047
4,1047
1,1047
5,1048
5,1049
3,1050
0,1050
4,1050
1,1050
5,1051
3,1052
5,1053
3,1054
0,1054
4,1054
1,1054
5,1055
3,1056
0,1056
4,1056
1,1056
3,1057
0,1057
4,1057
1,1057
3,1058
0,1058
4,1058
1,1058
5,1059
5,1060
3,1061
0,1061
4,1061
1,1061
5,1062
5,1063
3,1064
3,1065
3,1066
0,1066
4,1066
1,1066
5,1067
5,1068
5,1069
3,1070
0,1070
4,1070
1,1070
3,1071
0,1071
4,1071
1,1071
5,1072
3,1073
0,1073
4,1073
1,1073
5,1074
3,1075
0,1075
4,1075
1,1075
3,1076
0,1076
4,1076
1,1076
5,1077
3,1078
5,1079
5,1080
5,1081
3,1082
0,1082
4,1082
1,1082
3,1083
0,1083
4,1083
1,1083
0,1084
3,1085
3,1086
0,1086
4,1086
1,1086
5,1087
5,1088
3,1089
0,1089
4,1089
1,1089
5,1090
5,1091
3,1092
0,1092
4,1092
1,1092
3,1093
3,1094
0,1094
4,1094
1,1094
3,1095
0,1095
4,1095
1,1095
5,1096
3,1097
0,1097
4,1097
1,1097
0,1098
3,1099
0,1099
4,1099
1,1099
3,1100
0,1100
4,1100
1,1100
5,1101
5,1102
3,1103
0,1103
4,1103
1,1103
3,1104
0,1104
4,1104
1,1104
3,1105
3,1106
3,1107
3,1108
3,1109
3,1110
0,1110
4,1110
1,1110
5,1111
3,1112
3,1113
3,1114
0,1114
4,1114
1,1114
3,1115
3,1116
0,1116
4,1116
1,1116
3,1117
3,1118
0,1118
4,1118
1,1118
3,1119
3,1120
0,1120
4,1120
1,1120
3,1121
0,1121
4,1121
1,1121
5,1122
0,1123
3,1124
0,1124
4,1124
1,1124
3,1125
3,1126
3,1127
0,1127
4,1127
1,1127
5,1128
3,1129
5,1130
5,1131
3,1132
3,1133
5,1134
3,1135
0,1135
4,1135
1,1135
3,1136
3,1137
0,1137
4,1137
1,1137
3,1138
3,1139
0,1139
4,1139
1,1139
3,1140
3,1141
3,1142
0,1142
4,1142
1,1142
3,1143
5,1144
3,1145
0,1145
4,1145
1,1145
5,1146
3,1147
0,1147
4,1147
1,1147
3,1148
5,1149
3,1150
0,1150
4,1150
1,1150
4,1151
5,1152
3,1153
3,1154
3,1155
3,1156
3,1157
3,1158
0,1158
4,1158
1,1158
3,1159
0,1159
4,1159
1,1159
3,1160
0,1161
3,1162
0,1162
4,1162
1,1162
3,1163
3,1164
3,1165
3,1166
3,1167
3,1168
0,1169
3,1170
3,1171
3,1172
5,1173
0,1174
3,1175
5,1176
5,1177
3,1178
3,1179
3,1180
3,1181
3,1182
0,1182
4,1182
1,1182
5,1183
5,1184
3,1185
3,1186
0,1186
4,1186
1,1186
3,1187
3,1188
0,1188
4,1188
1,1188
3,1189
0,1189
4,1189
1,1189
3,1190
5,1191
3,1192
0,1192
4,1192
1,1192
3,1193
5,1194
3,1195
0,1195
4,1195
1,1195
3,1196
3,1197
0,1197
4,1197
1,1197
3,1198
0,1198
4,1198
1,1198
3,1199
3,1200
3,1201
3,1202
3,1203
3,1204
5,1205
3,1206
3,1207
3,1208
3,1209
3,1210
5,1211
3,1212
0,1212
4,1212
1,1212
3,1213
0,1213
4,1213
1,1213
3,1214
3,1215
0,1215
4,1215
1,1215
3,1216
0,1216
4,1216
1,1216
5,1217
3,1218
3,1219
3,1220
0,1220
4,1220
1,1220
3,1221
0,1221
4,1221
1,1221
3,1222
5,1223
5,1224
3,1225
0,1225
4,1225
1,1225
3,1226
3,1227
3,1228
0,1228
4,1228
1,1228
3,1229
0,1229
4,1229
1,1229
3,1230
0,1230
4,1230
1,1230
5,1231
0,1232
5,1233
0,1234
3,1235
0,1235
4,1235
1,1235
5,1236
5,1237
3,1238
3,1239
0,1239
4,1239
1,1239
3,1240
0,1240
4,1240
1,1240
3,1241
0,1241
4,1241
1,1241
3,1242
3,1243
0,1243
4,1243
1,1243
0,1244
3,1245
0,1245
4,1245
1,1245
5,1246
3,1247
0,1247
4,1247
1,1247
3,1248
0,1248
4,1248
1,1248
5,1249
5,1250
5,1251
3,1252
0,1252
4,1252
1,1252
5,1253
3,1254
5,1255
3,1256
0,1256
4,1256
1,1256
3,1257
3,1258
0,1258
4,1258
1,1258
3,1259
0,1259
4,1259
1,1259
0,1260
3,1261
5,1262
3,1263
0,1263
4,1263
1,1263
3,1264
0,1264
4,1264
1,1264
5,1265
3,1266
3,1267
0,1268
5,1269
3,1270
0,1270
4,1270
1,1270
3,1271
0,1271
4,1271
1,1271
3,1272
0,1272
4,1272
1,1272
5,1273
3,1274
0,1274
4,1274
1,1274
5,1275
5,1276
5,1277
3,1278
0,1278
4,1278
1,1278
0,1279
5,1280
5,1281
3,1282
0,1282
4,1282
1,1282
3,1283
3,1284
5,1285
5,1286
5,1287
5,1288
3,1289
0,1289
4,1289
1,1289
3,1290
3,1291
0,1291
4,1291
1,1291
5,1292
5,1293
3,1294
0,1294
4,1294
1,1294
5,1295
5,1296
5,1297
5,1298
3,1299
3,1300
0,1300
4,1300
1,1300
0,1301
3,1302
0,1302
4,1302
1,1302
3,1303
0,1303
4,1303
1,1303
3,1304
0,1304
4,1304
1,1304
3,1305
0,1305
4,1305
1,1305
5,1306
3,1307
0,1307
4,1307
1,1307
3,1308
0,1308
4,1308
1,1308
5,1309
5,1310
5,1311
5,1312
3,1313
0,1313
4,1313
1,1313
5,1314
5,1315
3,1316
0,1316
4,1316
1,1316
3,1317
0,1317
4,1317
1,1317
3,1318
3,1319
5,1320
3,1321
0,1321
4,1321
1,1321
3,1322
3,1323
0,1323
4,1323
1,1323
3,1324
3,1325
0,1325
4,1325
1,1325
3,1326
5,1327
3,1328
0,1328
4,1328
1,1328
3,1329
0,1329
4,1329
1,1329
3,1330
3,1331
0,1331
4,1331
1,1331
0,1332
5,1333
5,1334
5,1335
5,1336
5,1337
5,1338
3,1339
0,1339
4,1339
1,1339
5,1340
5,1341
3,1342
5,1343
3,1344
0,1344
4,1344
1,1344
5,1345
3,1346
0,1346
4,1346
1,1346
3,1347
0,1347
4,1347
1,1347
3,1348
0,1348
4,1348
1,1348
5,1349
5,1350
5,1351
3,1352
0,1352
4,1352
1,1352
3,1353
0,1354
0,1355
3,1356
3,1357
5,1358
3,1359
3,1360
0,1360
4,1360
1,1360
3,1361
0,1361
4,1361
1,1361
3,1362
3,1363
0,1363
4,1363
1,1363
3,1364
5,1365
3,1366
0,1366
4,1366
1,1366
3,1367
0,1367
4,1367
1,1367
3,1368
0,1368
4,1368
1,1368
3,1369
0,1369
4,1369
1,1369
3,1370
0,1370
4,1370
1,1370
3,1371
0,1371
4,1371
1,1371
3,1372
0,1372
4,1372
1,1372
5,1373
5,1374
3,1375
0,1375
4,1375
1,1375
5,1376
3,1377
3,1378
3,1379
3,1380
0,1380
4,1380
1,1380
3,1381
5,1382
3,1383
5,1384
3,1385
5,1386
3,1387
5,1388
3,1389
0,1389
4,1389
1,1389
3,1390
3,1391
0,1391
4,1391
1,1391
3,1392
0,1392
4,1392
1,1392
3,1393
0,1393
4,1393
1,1393
3,1394
0,1394
4,1394
1,1394
3,1395
0,1395
4,1395
1,1395
3,1396
5,1397
5,1398
3,1399
3,1400
0,1400
4,1400
1,1400
5,1401
3,1402
3,1403
0,1403
4,1403
1,1403
3,1404
3,1405
3,1406
3,1407
3,1408
3,1409
3,1410
3,1411
3,1412
3,1413
3,1414
3,1415
0,1415
4,1415
1,1415
3,1416
0,1416
4,1416
1,1416
3,1417
0,1417
4,1417
1,1417
5,1418
3,1419
3,1420
3,1421
3,1422
0,1422
4,1422
1,1422
5,1423
3,1424
3,1425
0,1425
4,1425
1,1425
3,1426
3,1427
3,1428
3,1429
3,1430
0,1430
4,1430
1,1430
5,1431
3,1432
0,1432
4,1432
1,1432
3,1433
3,1434
0,1434
4,1434
1,1434
3,1435
0,1435
4,1435
1,1435
5,1436
3,1437
5,1438
3,1439
3,1440
3,1441
3,1442
3,1443
3,1444
0,1444
4,1444
1,1444
3,1445
5,1446
5,1447
0,1448
5,1449
5,1450
5,1451
5,1452
3,1453
0,1453
4,1453
1,1453
3,1454
3,1455
3,1456
0,1456
4,1456
1,1456
3,1457
5,1458
3,1459
5,1460
5,1461
5,1462
4,1463
3,1464
0,1464
4,1464
1,1464
5,1465
5,1466
3,1467
0,1467
4,1467
1,1467
5,1468
3,1469
5,1470
5,1471
5,1472
3,1473
5,1474
5,1475
3,1476
5,1477
3,1478
3,1479
3,1480
3,1481
3,1482
3,1483
3,1484
3,1485
3,1486
3,1487
3,1488
3,1489
3,1490
5,1491
3,1492
5,1493
5,1494
3,1495
0,1495
4,1495
1,1495
0,1496
3,1497
3,1498
3,1499
5,1500
5,1501
3,1502
0,1502
4,1502
1,1502
3,1503
0,1503
4,1503
1,1503
3,1504
0,1504
4,1504
1,1504
5,1505
5,1506
3,1507
3,1508
0,1508
4,1508
1,1508
3,1509
3,1510
0,1510
4,1510
1,1510
3,1511
3,1512
0,1512
4,1512
1,1512
5,1513
3,1514
5,1515
4,1516
3,1517
3,1518
3,1519
0,1519
4,1519
1,1519
3,1520
0,1520
4,1520
1,1520
5,1521
3,1522
5,1523
3,1524
0,1524
4,1524
1,1524
3,1525
0,1525
4,1525
1,1525
3,1526
5,1527
5,1528
3,1529
3,1530
3,1531
3,1532
3,1533
3,1534
3,1535
3,1536
5,1537
3,1538
3,1539
3,1540
3,1541
3,1542
5,1543
5,1544
3,1545
3,1546
3,1547
3,1548
3,1549
3,1550
3,1551
0,1551
4,1551
1,1551
3,1552
3,1553
5,1554
3,1555
3,1556
0,1556
4,1556
1,1556
3,1557
3,1558
3,1559
5,1560
5,1561
5,1562
3,1563
3,1564
3,1565
3,1566
5,1567
5,1568
3,1569
3,1570
3,1571
3,1572
0,1572
4,1572
1,1572
3,1573
3,1574
3,1575
3,1576
3,1577
5,1578
5,1579
3,1580
5,1581
3,1582
5,1583
3,1584
3,1585
0,1585
4,1585
1,1585
5,1586
5,1587
3,1588
0,1589
0,1590
5,1591
5,1592
3,1593
5,1594
5,1595
3,1596
0,1596
4,1596
1,1596
3,1597
3,1598
3,1599
3,1600
3,1601
3,1602
0,1602
4,1602
1,1602
3,1603
0,1603
4,1603
1,1603
3,1604
3,1605
3,1606
3,1607
3,1608
5,1609
3,1610
0,1610
4,1610
1,1610
0,1611
3,1612
3,1613
5,1614
3,1615
3,1616
0,1616
4,1616
1,1616
3,1617
5,1618
3,1619
0,1619
4,1619
1,1619
3,1620
0,1620
4,1620
1,1620
3,1621
0,1621
4,1621
1,1621
3,1622
3,1623
3,1624
0,1624
4,1624
1,1624
3,1625
3,1626
0,1626
4,1626
1,1626
3,1627
5,1628
3,1629
0,1629
4,1629
1,1629
3,1630
0,1630
4,1630
1,1630
3,1631
0,1631
4,1631
1,1631
3,1632
0,1632
4,1632
1,1632
3,1633
3,1634
0,1634
4,1634
1,1634
3,1635
3,1636
3,1637
3,1638
0,1638
4,1638
1,1638
3,1639
3,1640
0,1640
4,1640
1,1640
3,1641
3,1642
3,1643
3,1644
3,1645
3,1646
0,1646
4,1646
1,1646
3,1647
0,1647
4,1647
1,1647
5,1648
3,1649
0,1649
4,1649
1,1649
5,1650
3,1651
0,1651
4,1651
1,1651
3,1652
0,1652
4,1652
1,1652
5,1653
3,1654
0,1654
4,1654
1,1654
5,1655
3,1656
0,1656
4,1656
1,1656
3,1657
3,1658
0,1659
3,1660
0,1660
4,1660
1,1660
5,1661
5,1662
3,1663
0,1664
5,1665
5,1666
0,1667
5,1668
3,1669
0,1669
4,1669
1,1669
3,1670
5,1671
5,1672
3,1673
0,1673
4,1673
1,1673
1,1674
5,1675
5,1676
3,1677
0,1677
4,1677
1,1677
3,1678
5,1679
5,1680
0,1681
3,1682
0,1682
4,1682
1,1682
3,1683
3,1684
0,1684
4,1684
1,1684
3,1685
0,1685
4,1685
1,1685
5,1686
5,1687
3,1688
5,1689
3,1690
3,1691
3,1692
0,1692
4,1692
1,1692
5,1693
3,1694
0,1694
4,1694
1,1694
5,1695
5,1696
3,1697
5,1698
5,1699
3,1700
0,1700
4,1700
1,1700
5,1701
5,1702
5,1703
3,1704
3,1705
5,1706
3,1707
0,1707
4,1707
1,1707
3,1708
3,1709
5,1710
3,1711
5,1712
3,1713
3,1714
3,1715
5,1716
3,1717
3,1718
0,1718
4,1718
1,1718
0,1719
3,1720
3,1721
5,1722
0,1723
5,1724
0,1725
5,1726
5,1727
3,1728
0,1728
4,1728
1,1728
5,1729
3,1730
0,1730
4,1730
1,1730
3,1731
0,1731
4,1731
1,1731
5,1732
3,1733
0,1733
4,1733
1,1733
3,1734
0,1734
4,1734
1,1734
3,1735
3,1736
0,1736
4,1736
1,1736
3,1737
5,1738
3,1739
5,1740
3,1741
5,1742
5,1743
3,1744
0,1744
4,1744
1,1744
5,1745
3,1746
5,1747
5,1748
3,1749
3,1750
3,1751
5,1752
3,1753
0,1753
4,1753
1,1753
3,1754
5,1755
5,1756
3,1757
5,1758
3,1759
0,1759
4,1759
1,1759
3,1760
0,1760
4,1760
1,1760
5,1761
5,1762
3,1763
0,1763
4,1763
1,1763
5,1764
5,1765
0,1766
5,1767
3,1768
0,1768
4,1768
1,1768
3,1769
3,1770
0,1770
4,1770
1,1770
5,1771
3,1772
0,1772
4,1772
1,1772
5,1773
3,1774
0,1774
4,1774
1,1774
5,1775
5,1776
5,1777
5,1778
5,1779
3,1780
0,1780
4,1780
1,1780
5,1781
5,1782
3,1783
0,1783
4,1783
1,1783
5,1784
3,1785
0,1785
4,1785
1,1785
3,1786
0,1786
4,1786
1,1786
5,1787
3,1788
3,1789
0,1789
4,1789
1,1789
3,1790
0,1790
4,1790
1,1790
5,1791
3,1792
0,1792
4,1792
1,1792
3,1793
0,1793
4,1793
1,1793
5,1794
5,1795
3,1796
0,1796
4,1796
1,1796
3,1797
3,1798
3,1799
3,1800
0,1800
4,1800
1,1800
5,1801
3,1802
3,1803
0,1803
4,1803
1,1803
3,1804
0,1804
4,1804
1,1804
5,1805
5,1806
5,1807
3,1808
5,1809
0,1810
3,1811
0,1811
4,1811
1,1811
5,1812
5,1813
3,1814
0,1814
4,1814
1,1814
5,1815
3,1816
0,1816
4,1816
1,1816
5,1817
5,1818
3,1819
5,1820
3,1821
0,1821
4,1821
1,1821
5,1822
3,1823
0,1823
4,1823
1,1823
5,1824
3,1825
5,1826
3,1827
5,1828
3,1829
3,1830
3,1831
3,1832
3,1833
3,1834
5,1835
3,1836
3,1837
3,1838
3,1839
3,1840
3,1841
3,1842
3,1843
3,1844
3,1845
5,1846
5,1847
3,1848
3,1849
3,1850
3,1851
3,1852
3,1853
3,1854
3,1855
3,1856
3,1857
3,1858
3,1859
3,1860
3,1861
0,1861
4,1861
1,1861
3,1862
3,1863
3,1864
3,1865
3,1866
3,1867
3,1868
3,1869
3,1870
3,1871
3,1872
3,1873
3,1874
3,1875
3,1876
3,1877
0,1877
4,1877
1,1877
3,1878
5,1879
3,1880
3,1881
3,1882
3,1883
3,1884
0,1884
4,1884
1,1884
3,1885
3,1886
3,1887
3,1888
3,1889
5,1890
3,1891
3,1892
3,1893
3,1894
3,1895
3,1896
5,1897
5,1898
3,1899
0,1899
4,1899
1,1899
3,1900
3,1901
5,1902
5,1903
3,1904
3,1905
3,1906
3,1907
3,1908
3,1909
3,1910
3,1911
3,1912
3,1913
0,1913
4,1913
1,1913
3,1914
4,1914
1,1914
3,1915
4,1915
1,1915
3,1916
3,1917
3,1918
3,1919
3,1920
3,1921
3,1922
3,1923
5,1924
5,1925
3,1926
3,1927
5,1928
5,1929
3,1930
0,1930
4,1930
1,1930
0,1931
5,1932
3,1933
3,1934
3,1935
3,1936
5,1937
3,1938
0,1938
4,1938
1,1938
3,1939
3,1940
5,1941
3,1942
0,1942
4,1942
1,1942
3,1943
0,1943
4,1943
1,1943
3,1944
3,1945
3,1946
3,1947
4,1948
5,1949
3,1950
0,1950
4,1950
1,1950
3,1951
3,1952
3,1953
3,1954
3,1955
3,1956
3,1957
0,1957
4,1957
1,1957
3,1958
5,1959
3,1960
3,1961
0,1961
4,1961
1,1961
5,1962
5,1963
5,1964
3,1965
0,1965
4,1965
1,1965
5,1966
3,1967
0,1967
4,1967
1,1967
5,1968
3,1969
3,1970
5,1971
3,1972
5,1973
5,1974
3,1975
3,1976
0,1976
4,1976
1,1976
3,1977
5,1978
3,1979
0,1979
4,1979
1,1979
3,1980
0,1980
4,1980
1,1980
5,1981
5,1982
5,1983
3,1984
3,1985
5,1986
5,1987
3,1988
0,1988
4,1988
1,1988
5,1989
5,1990
3,1991
3,1992
0,1992
4,1992
1,1992
3,1993
0,1993
4,1993
1,1993
5,1994
3,1995
3,1996
0,1997
3,1998
0,1998
4,1998
1,1998
3,1999
5,2000
5,2001
5,2002
5,2003
0,2004
5,2005
5,2006
3,2007
0,2007
4,2007
1,2007
3,2008
5,2009
3,2010
0,2010
4,2010
1,2010
5,2011
5,2012
5,2013
5,2014
3,2015
0,2015
4,2015
1,2015
5,2016
3,2017
0,2017
4,2017
1,2017
3,2018
0,2018
4,2018
1,2018
3,2019
0,2019
4,2019
1,2019
3,2020
3,2021
5,2022
5,2023
3,2024
5,2025
3,2026
3,2027
0,2027
4,2027
1,2027
3,2028
0,2028
4,2028
1,2028
3,2029
3,2030
0,2030
4,2030
1,2030
3,2031
4,2032
3,2033
0,2033
4,2033
1,2033
5,2034
3,2035
0,2035
4,2035
1,2035
3,2036
0,2036
4,2036
1,2036
5,2037
3,2038
0,2038
4,2038
1,2038
3,2039
3,2040
3,2041
3,2042
3,2043
5,2044
3,2045
0,2045
4,2045
1,2045
3,2046
4,2046
1,2046
3,2047
0,2047
4,2047
1,2047
4,2048
5,2049
3,2050
3,2051
5,2052
3,2053
0,2053
4,2053
1,2053
3,2054
3,2055
3,2056
5,2057
5,2058
3,2059
0,2059
4,2059
1,2059
3,2060
0,2060
4,2060
1,2060
3,2061
0,2061
4,2061
1,2061
3,2062
3,2063
3,2064
5,2065
3,2066
3,2067
3,2068
0,2068
4,2068
1,2068
3,2069
0,2069
4,2069
1,2069
3,2070
3,2071
0,2071
4,2071
1,2071
3,2072
0,2072
4,2072
1,2072
3,2073
3,2074
5,2075
5,2076
3,2077
3,2078
0,2078
4,2078
1,2078
5,2079
3,2080
0,2080
4,2080
1,2080
3,2081
0,2081
4,2081
1,2081
5,2082
5,2083
3,2084
0,2084
4,2084
1,2084
3,2085
0,2085
4,2085
1,2085
5,2086
3,2087
0,2087
4,2087
1,2087
5,2088
3,2089
0,2089
4,2089
1,2089
3,2090
0,2090
4,2090
1,2090
3,2091
0,2091
4,2091
1,2091
3,2092
0,2092
4,2092
1,2092
5,2093
5,2094
3,2095
0,2095
4,2095
1,2095
5,2096
5,2097
3,2098
0,2098
4,2098
1,2098
3,2099
0,2099
4,2099
1,2099
3,2100
0,2100
4,2100
1,2100
5,2101
3,2102
0,2102
4,2102
1,2102
5,2103
3,2104
5,2105
5,2106
3,2107
5,2108
3,2109
5,2110
5,2111
3,2112
0,2112
4,2112
1,2112
3,2113
0,2113
4,2113
1,2113
5,2114
3,2115
3,2116
0,2116
4,2116
1,2116
3,2117
5,2118
5,2119
3,2120
5,2121
3,2122
3,2123
0,2123
4,2123
1,2123
3,2124
0,2124
4,2124
1,2124
5,2125
5,2126
3,2127
3,2128
0,2128
4,2128
1,2128
5,2129
3,2130
0,2130
4,2130
1,2130
3,2131
0,2131
4,2131
1,2131
3,2132
3,2133
0,2133
4,2133
1,2133
3,2134
1,2135
3,2136
3,2137
0,2137
4,2137
1,2137
3,2138
0,2138
4,2138
1,2138
3,2139
3,2140
3,2141
0,2141
4,2141
1,2141
3,2142
3,2143
3,2144
3,2145
0,2145
4,2145
1,2145
5,2146
3,2147
0,2147
4,2147
1,2147
3,2148
5,2149
3,2150
3,2151
3,2152
0,2152
4,2152
1,2152
3,2153
5,2154
3,2155
3,2156
3,2157
0,2157
4,2157
1,2157
3,2158
0,2158
4,2158
1,2158
3,2159
3,2160
0,2160
4,2160
1,2160
3,2161
4,2162
3,2163
0,2163
4,2163
1,2163
5,2164
3,2165
3,2166
3,2167
3,2168
0,2168
4,2168
1,2168
3,2169
3,2170
3,2171
0,2171
4,2171
1,2171
3,2172
3,2173
3,2174
3,2175
3,2176
3,2177
5,2178
3,2179
0,2179
4,2179
1,2179
3,2180
3,2181
3,2182
0,2183
3,2184
0,2184
4,2184
1,2184
5,2185
3,2186
3,2187
3,2188
5,2189
3,2190
0,2190
4,2190
1,2190
3,2191
3,2192
0,2193
3,2194
3,2195
0,2195
4,2195
1,2195
3,2196
3,2197
3,2198
3,2199
0,2199
4,2199
1,2199
3,2200
3,2201
0,2201
4,2201
1,2201
3,2202
0,2202
4,2202
1,2202
5,2203
0,2204
5,2205
3,2206
0,2206
4,2206
1,2206
3,2207
0,2208
0,2209
5,2210
5,2211
5,2212
5,2213
1,2214
0,2215
3,2216
3,2217
0,2217
4,2217
1,2217
3,2218
3,2219
0,2219
4,2219
1,2219
5,2220
0,2221
5,2222
4,2223
5,2224
0,2225
3,2226
3,2227
3,2228
3,2229
0,2229
4,2229
1,2229
3,2230
0,2230
4,2230
1,2230
3,2231
0,2231
4,2231
1,2231
5,2232
5,2233
3,2234
3,2235
3,2236
3,2237
3,2238
0,2238
4,2238
1,2238
3,2239
5,2240
5,2241
3,2242
0,2242
4,2242
1,2242
5,2243
0,2244
5,2245
5,2246
3,2247
0,2247
4,2247
1,2247
3,2248
3,2249
0,2249
4,2249
1,2249
3,2250
3,2251
0,2252
5,2253
3,2254
0,2254
4,2254
1,2254
3,2255
0,2255
4,2255
1,2255
0,2256
5,2257
3,2258
0,2258
4,2258
1,2258
5,2259
3,2260
0,2260
4,2260
1,2260
5,2261
3,2262
0,2263
3,2264
5,2265
5,2266
3,2267
5,2268
3,2269
0,2269
4,2269
1,2269
3,2270
3,2271
0,2271
4,2271
1,2271
3,2272
0,2272
4,2272
1,2272
3,2273
3,2274
5,2275
5,2276
3,2277
3,2278
3,2279
3,2280
0,2280
4,2280
1,2280
3,2281
3,2282
0,2282
4,2282
1,2282
5,2283
5,2284
3,2285
5,2286
3,2287
5,2288
5,2289
3,2290
5,2291
3,2292
0,2293
5,2294
3,2295
3,2296
5,2297
3,2298
0,2298
4,2298
1,2298
3,2299
3,2300
5,2301
5,2302
0,2303
3,2304
5,2305
5,2306
3,2307
0,2307
4,2307
1,2307
3,2308
0,2308
4,2308
1,2308
3,2309
3,2310
3,2311
3,2312
3,2313
5,2314
5,2315
5,2316
3,2317
3,2318
5,2319
3,2320
0,2320
4,2320
1,2320
3,2321
0,2321
4,2321
1,2321
3,2322
0,2322
4,2322
1,2322
3,2323
0,2323
4,2323
1,2323
3,2324
3,2325
0,2325
4,2325
1,2325
3,2326
5,2327
0,2328
3,2329
3,2330
3,2331
3,2332
0,2333
3,2334
5,2335
0,2336
5,2337
5,2338
5,2339
5,2340
5,2341
3,2342
0,2343
5,2344
5,2345
3,2346
0,2346
4,2346
1,2346
3,2347
0,2347
4,2347
1,2347
3,2348
0,2348
4,2348
1,2348
5,2349
5,2350
3,2351
0,2351
4,2351
1,2351
5,2352
3,2353
3,2354
3,2355
0,2355
4,2355
1,2355
5,2356
5,2357
5,2358
3,2359
0,2360
3,2361
0,2361
4,2361
1,2361
3,2362
0,2362
4,2362
1,2362
5,2363
3,2364
3,2365
0,2365
4,2365
1,2365
3,2366
0,2366
4,2366
1,2366
3,2367
3,2368
3,2369
5,2370
0,2371
5,2372
5,2373
5,2374
5,2375
5,2376
3,2377
3,2378
1,2379
3,2380
3,2381
3,2382
5,2383
5,2384
5,2385
3,2386
3,2387
3,2388
3,2389
5,2390
3,2391
0,2391
4,2391
1,2391
3,2392
0,2392
4,2392
1,2392
5,2393
3,2394
0,2394
4,2394
1,2394
5,2395
3,2396
0,2396
4,2396
1,2396
3,2397
0,2397
4,2397
1,2397
3,2398
5,2399
5,2400
5,2401
3,2402
3,2403
0,2403
4,2403
1,2403
5,2404
5,2405
5,2406
5,2407
3,2408
0,2408
4,2408
1,2408
3,2409
0,2409
4,2409
1,2409
5,2410
3,2411
5,2412
3,2413
3,2414
0,2414
4,2414
1,2414
3,2415
0,2415
4,2415
1,2415
3,2416
0,2416
4,2416
1,2416
3,2417
3,2418
3,2419
3,2420
3,2421
3,2422
3,2423
3,2424
3,2425
3,2426
3,2427
3,2428
5,2429
3,2430
3,2431
3,2432
3,2433
3,2434
3,2435
3,2436
3,2437
3,2438
3,2439
3,2440
3,2441
3,2442
3,2443
3,2444
3,2445
3,2446
3,2447
3,2448
3,2449
3,2450
3,2451
3,2452
3,2453
3,2454
3,2455
5,2456
3,2457
3,2458
3,2459
3,2460
3,2461
5,2462
3,2463
5,2464
3,2465
3,2466
5,2467
5,2468
5,2469
3,2470
3,2471
5,2472
3,2473
3,2474
3,2475
3,2476
3,2477
3,2478
3,2479
3,2480
3,2481
5,2482
3,2483
3,2484
3,2485
0,2486
3,2487
0,2487
4,2487
1,2487
4,2488
3,2489
5,2490
3,2491
5,2492
3,2493
3,2494
0,2494
4,2494
1,2494
5,2495
5,2496
5,2497
0,2498
3,2499
5,2500
3,2501
1,2502
3,2503
3,2504
3,2505
0,2505
4,2505
1,2505
3,2506
3,2507
3,2508
3,2509
3,2510
3,2511
3,2512
5,2513
3,2514
0,2514
4,2514
1,2514
3,2515
5,2516
5,2517
5,2518
5,2519
3,2520
0,2520
4,2520
1,2520
5,2521
3,2522
0,2522
4,2522
1,2522
5,2523
5,2524
5,2525
5,2526
3,2527
3,2528
3,2529
0,2529
4,2529
1,2529
5,2530
5,2531
5,2532
3,2533
0,2533
4,2533
1,2533
3,2534
3,2535
3,2536
3,2537
5,2538
5,2539
5,2540
3,2541
3,2542
3,2543
3,2544
3,2545
3,2546
3,2547
3,2548
3,2549
5,2550
5,2551
3,2552
3,2553
0,2553
4,2553
1,2553
3,2554
3,2555
3,2556
3,2557
3,2558
5,2559
3,2560
3,2561
5,2562
3,2563
0,2563
4,2563
1,2563
3,2564
3,2565
3,2566
3,2567
3,2568
5,2569
3,2570
3,2571
3,2572
3,2573
3,2574
3,2575
3,2576
3,2577
5,2578
5,2579
3,2580
3,2581
3,2582
3,2583
5,2584
3,2585
3,2586
3,2587
3,2588
3,2589
5,2590
3,2591
3,2592
3,2593
3,2594
3,2595
5,2596
3,2597
3,2598
3,2599
3,2600
3,2601
3,2602
3,2603
3,2604
3,2605
0,2605
4,2605
1,2605
3,2606
5,2607
5,2608
3,2609
0,2609
4,2609
1,2609
3,2610
5,2611
3,2612
3,2613
3,2614
3,2615
3,2616
3,2617
3,2618
3,2619
5,2620
3,2621
3,2622
0,2622
4,2622
1,2622
3,2623
3,2624
5,2625
0,2626
5,2627
3,2628
3,2629
3,2630
3,2631
3,2632
3,2633
3,2634
5,2635
5,2636
0,2637
3,2638
3,2639
3,2640
3,2641
0,2641
4,2641
1,2641
3,2642
3,2643
0,2643
4,2643
1,2643
5,2644
5,2645
3,2646
0,2646
4,2646
1,2646
3,2647
3,2648
0,2648
4,2648
1,2648
5,2649
5,2650
5,2651
5,2652
0,2653
5,2654
5,2655
3,2656
5,2657
0,2658
5,2659
3,2660
0,2660
4,2660
1,2660
5,2661
5,2662
5,2663
5,2664
3,2665
0,2665
4,2665
1,2665
5,2666
3,2667
0,2667
4,2667
1,2667
0,2668
3,2669
0,2669
4,2669
1,2669
3,2670
0,2670
4,2670
1,2670
3,2671
0,2671
4,2671
1,2671
3,2672
0,2672
4,2672
1,2672
5,2673
5,2674
5,2675
3,2676
0,2676
4,2676
1,2676
3,2677
0,2677
4,2677
1,2677
3,2678
0,2678
4,2678
1,2678
5,2679
5,2680
3,2681
0,2681
4,2681
1,2681
3,2682
0,2682
4,2682
1,2682
5,2683
5,2684
5,2685
3,2686
0,2686
4,2686
1,2686
5,2687
3,2688
0,2688
4,2688
1,2688
3,2689
3,2690
5,2691
3,2692
0,2692
4,2692
1,2692
3,2693
0,2693
4,2693
1,2693
3,2694
0,2694
4,2694
1,2694
3,2695
0,2695
4,2695
1,2695
3,2696
0,2696
4,2696
1,2696
3,2697
0,2697
4,2697
1,2697
3,2698
3,2699
0,2699
4,2699
1,2699
5,2700
0,2701
5,2702
5,2703
5,2704
3,2705
0,2705
4,2705
1,2705
3,2706
0,2706
4,2706
1,2706
3,2707
3,2708
0,2709
3,2710
3,2711
0,2711
4,2711
1,2711
5,2712
3,2713
3,2714
0,2714
4,2714
1,2714
5,2715
5,2716
5,2717
3,2718
0,2718
4,2718
1,2718
5,2719
3,2720
0,2720
4,2720
1,2720
3,2721
0,2721
4,2721
1,2721
4,2722
3,2723
3,2724
0,2724
4,2724
1,2724
3,2725
0,2725
4,2725
1,2725
3,2726
5,2727
5,2728
5,2729
3,2730
0,2730
4,2730
1,2730
3,2731
0,2731
4,2731
1,2731
5,2732
5,2733
5,2734
3,2735
0,2735
4,2735
1,2735
5,2736
5,2737
5,2738
3,2739
0,2739
4,2739
1,2739
5,2740
5,2741
5,2742
5,2743
3,2744
0,2744
4,2744
1,2744
3,2745
0,2745
4,2745
1,2745
3,2746
0,2746
4,2746
1,2746
3,2747
0,2747
4,2747
1,2747
3,2748
3,2749
0,2749
4,2749
1,2749
3,2750
0,2750
4,2750
1,2750
5,2751
5,2752
5,2753
3,2754
0,2754
4,2754
1,2754
3,2755
0,2755
4,2755
1,2755
5,2756
5,2757
5,2758
3,2759
0,2759
4,2759
1,2759
5,2760
3,2761
3,2762
0,2762
4,2762
1,2762
3,2763
5,2764
3,2765
0,2765
4,2765
1,2765
5,2766
5,2767
3,2768
0,2768
4,2768
1,2768
5,2769
3,2770
0,2770
4,2770
1,2770
3,2771
5,2772
3,2773
0,2773
4,2773
1,2773
5,2774
3,2775
5,2776
3,2777
0,2777
4,2777
1,2777
3,2778
0,2778
4,2778
1,2778
0,2779
5,2780
3,2781
0,2781
4,2781
1,2781
3,2782
5,2783
3,2784
3,2785
3,2786
0,2786
4,2786
1,2786
3,2787
0,2787
4,2787
1,2787
5,2788
3,2789
3,2790
0,2790
4,2790
1,2790
3,2791
3,2792
3,2793
0,2793
4,2793
1,2793
3,2794
0,2794
4,2794
1,2794
3,2795
5,2796
3,2797
0,2797
4,2797
1,2797
0,2798
3,2799
0,2799
4,2799
1,2799
3,2800
0,2800
4,2800
1,2800
3,2801
3,2802
3,2803
0,2803
4,2803
1,2803
3,2804
0,2804
4,2804
1,2804
5,2805
5,2806
3,2807
3,2808
3,2809
3,2810
0,2810
4,2810
1,2810
5,2811
5,2812
3,2813
3,2814
0,2814
4,2814
1,2814
3,2815
5,2816
5,2817
3,2818
3,2819
0,2819
4,2819
1,2819
3,2820
0,2820
4,2820
1,2820
0,2821
4,2822
0,2823
3,2824
0,2824
4,2824
1,2824
3,2825
0,2825
4,2825
1,2825
5,2826
5,2827
5,2828
3,2829
0,2829
4,2829
1,2829
3,2830
0,2830
4,2830
1,2830
3,2831
0,2831
4,2831
1,2831
3,2832
0,2832
4,2832
1,2832
5,2833
3,2834
0,2834
4,2834
1,2834
3,2835
3,2836
3,2837
3,2838
5,2839
3,2840
0,2840
4,2840
1,2840
3,2841
0,2841
4,2841
1,2841
5,2842
3,2843
3,2844
3,2845
3,2846
3,2847
3,2848
3,2849
5,2850
3,2851
5,2852
3,2853
3,2854
0,2854
4,2854
1,2854
3,2855
3,2856
3,2857
3,2858
0,2858
4,2858
1,2858
3,2859
0,2859
4,2859
1,2859
3,2860
0,2860
4,2860
1,2860
3,2861
3,2862
5,2863
5,2864
3,2865
3,2866
3,2867
0,2867
4,2867
1,2867
3,2868
3,2869
0,2869
4,2869
1,2869
5,2870
5,2871
3,2872
5,2873
5,2874
5,2875
3,2876
0,2876
4,2876
1,2876
3,2877
0,2877
4,2877
1,2877
1,2878
3,2879
0,2879
4,2879
1,2879
3,2880
0,2880
4,2880
1,2880
5,2881
3,2882
0,2882
4,2882
1,2882
3,2883
0,2883
4,2883
1,2883
3,2884
0,2884
4,2884
1,2884
5,2885
5,2886
3,2887
0,2887
4,2887
1,2887
5,2888
5,2889
3,2890
0,2890
4,2890
1,2890
3,2891
0,2891
4,2891
1,2891
3,2892
0,2892
4,2892
1,2892
3,2893
0,2893
4,2893
1,2893
5,2894
3,2895
3,2896
3,2897
0,2897
4,2897
1,2897
3,2898
0,2898
4,2898
1,2898
5,2899
3,2900
3,2901
0,2901
4,2901
1,2901
3,2902
0,2902
4,2902
1,2902
5,2903
3,2904
0,2904
4,2904
1,2904
5,2905
3,2906
3,2907
3,2908
0,2908
4,2908
1,2908
3,2909
3,2910
0,2910
4,2910
1,2910
3,2911
5,2912
0,2913
3,2914
3,2915
3,2916
3,2917
3,2918
3,2919
3,2920
3,2921
3,2922
5,2923
5,2924
3,2925
3,2926
3,2927
0,2927
4,2927
1,2927
3,2928
0,2928
4,2928
1,2928
5,2929
5,2930
5,2931
3,2932
0,2932
4,2932
1,2932
5,2933
5,2934
3,2935
0,2935
4,2935
1,2935
1,2936
5,2937
3,2938
3,2939
5,2940
5,2941
5,2942
4,2943
5,2944
3,2945
5,2946
3,2947
0,2947
4,2947
1,2947
5,2948
5,2949
3,2950
0,2950
4,2950
1,2950
3,2951
3,2952
3,2953
3,2954
0,2954
4,2954
1,2954
5,2955
3,2956
3,2957
3,2958
0,2958
4,2958
1,2958
3,2959
0,2959
4,2959
1,2959
5,2960
3,2961
3,2962
0,2962
4,2962
1,2962
3,2963
5,2964
5,2965
5,2966
3,2967
5,2968
3,2969
3,2970
5,2971
5,2972
3,2973
3,2974
5,2975
5,2976
3,2977
0,2977
4,2977
1,2977
3,2978
0,2978
4,2978
1,2978
3,2979
0,2979
4,2979
1,2979
3,2980
0,2980
4,2980
1,2980
3,2981
5,2982
5,2983
3,2984
0,2984
4,2984
1,2984
0,2985
5,2986
5,2987
3,2988
5,2989
5,2990
3,2991
0,2991
4,2991
1,2991
3,2992
5,2993
3,2994
0,2994
4,2994
1,2994
3,2995
0,2995
4,2995
1,2995
3,2996
3,2997
3,2998
0,2998
4,2998
1,2998
5,2999
3,3000
0,3000
4,3000
1,3000
5,3001
3,3002
5,3003
3,3004
3,3005
3,3006
3,3007
3,3008
0,3008
4,3008
1,3008
3,3009
0,3009
4,3009
1,3009
3,3010
0,3010
4,3010
1,3010
3,3011
3,3012
3,3013
0,3013
4,3013
1,3013
1,3014
5,3015
3,3016
0,3016
4,3016
1,3016
0,3017
5,3018
5,3019
3,3020
1,3021
3,3022
0,3022
4,3022
1,3022
3,3023
0,3023
4,3023
1,3023
5,3024
5,3025
5,3026
1,3027
3,3028
0,3028
4,3028
1,3028
3,3029
0,3029
4,3029
1,3029
5,3030
5,3031
5,3032
1,3033
3,3034
3,3035
0,3035
4,3035
1,3035
3,3036
0,3036
4,3036
1,3036
3,3037
3,3038
0,3038
4,3038
1,3038
5,3039
3,3040
0,3040
4,3040
1,3040
5,3041
1,3042
3,3043
0,3043
4,3043
1,3043
5,3044
5,3045
5,3046
3,3047
3,3048
0,3049
3,3050
0,3050
4,3050
1,3050
5,3051
5,3052
0,3053
5,3054
3,3055
0,3055
4,3055
1,3055
3,3056
0,3056
4,3056
1,3056
5,3057
3,3058
0,3058
4,3058
1,3058
5,3059
0,3060
3,3061
0,3061
4,3061
1,3061
1,3062
3,3063
4,3064
5,3065
5,3066
1,3067
0,3068
1,3069
5,3070
1,3071
5,3072
3,3073
5,3074
3,3075
5,3076
3,3077
5,3078
5,3079
5,3080
5,3081
3,3082
3,3083
3,3084
3,3085
0,3085
4,3085
1,3085
5,3086
0,3087
5,3088
5,3089
3,3090
3,3091
0,3091
4,3091
1,3091
5,3092
5,3093
5,3094
5,3095
3,3096
0,3096
4,3096
1,3096
0,3097
3,3098
0,3098
4,3098
1,3098
5,3099
0,3100
5,3101
3,3102
0,3102
4,3102
1,3102
5,3103
1,3104
5,3105
1,3106
5,3107
3,3108
5,3109
5,3110
5,3111
5,3112
5,3113
3,3114
0,3114
4,3114
1,3114
3,3115
0,3115
4,3115
1,3115
0,3116
3,3117
0,3117
4,3117
1,3117
3,3118
0,3118
4,3118
1,3118
5,3119
5,3120
0,3121
3,3122
0,3122
4,3122
1,3122
3,3123
0,3123
4,3123
1,3123
3,3124
0,3124
4,3124
1,3124
5,3125
1,3126
3,3127
0,3127
4,3127
1,3127
3,3128
0,3128
4,3128
1,3128
3,3129
0,3129
4,3129
1,3129
5,3130
3,3131
0,3131
4,3131
1,3131
5,3132
4,3133
3,3134
0,3134
4,3134
1,3134
3,3135
3,3136
0,3136
4,3136
1,3136
5,3137
3,3138
3,3139
0,3139
4,3139
1,3139
5,3140
3,3141
0,3141
4,3141
1,3141
3,3142
0,3142
4,3142
1,3142
3,3143
3,3144
0,3144
4,3144
1,3144
1,3145
3,3146
0,3146
4,3146
1,3146
3,3147
0,3147
4,3147
1,3147
5,3148
3,3149
0,3149
4,3149
1,3149
0,3150
3,3151
3,3152
0,3152
4,3152
1,3152
5,3153
5,3154
3,3155
0,3155
4,3155
1,3155
5,3156
5,3157
5,3158
3,3159
0,3159
4,3159
1,3159
3,3160
3,3161
3,3162
0,3163
3,3164
3,3165
0,3165
4,3165
1,3165
3,3166
0,3166
4,3166
1,3166
5,3167
3,3168
5,3169
3,3170
0,3170
4,3170
1,3170
5,3171
5,3172
3,3173
0,3173
4,3173
1,3173
3,3174
0,3174
4,3174
1,3174
3,3175
0,3175
4,3175
1,3175
3,3176
0,3176
4,3176
1,3176
3,3177
0,3177
4,3177
1,3177
5,3178
3,3179
0,3179
4,3179
1,3179
5,3180
5,3181
3,3182
0,3182
4,3182
1,3182
5,3183
3,3184
0,3184
4,3184
1,3184
5,3185
3,3186
0,3186
4,3186
1,3186
1,3187
0,3188
4,3189
3,3190
3,3191
3,3192
0,3192
4,3192
1,3192
3,3193
0,3193
4,3193
1,3193
3,3194
0,3194
4,3194
1,3194
1,3195
3,3196
5,3197
3,3198
0,3198
4,3198
1,3198
5,3199
5,3200
5,3201
3,3202
0,3202
4,3202
1,3202
3,3203
0,3203
4,3203
1,3203
3,3204
5,3205
5,3206
5,3207
0,3208
3,3209
0,3210
3,3211
3,3212
3,3213
3,3214
3,3215
3,3216
0,3216
4,3216
1,3216
3,3217
3,3218
3,3219
0,3219
4,3219
1,3219
3,3220
0,3220
4,3220
1,3220
5,3221
5,3222
3,3223
0,3223
4,3223
1,3223
3,3224
5,3225
5,3226
3,3227
0,3227
4,3227
1,3227
1,3228
3,3229
5,3230
3,3231
3,3232
0,3232
4,3232
1,3232
3,3233
0,3233
4,3233
1,3233
5,3234
1,3235
3,3236
3,3237
0,3238
3,3239
0,3239
4,3239
1,3239
5,3240
1,3241
3,3242
3,3243
0,3243
4,3243
1,3243
5,3244
3,3245
3,3246
3,3247
3,3248
3,3249
3,3250
3,3251
3,3252
5,3253
1,3254
3,3255
3,3256
0,3256
4,3256
1,3256
3,3257
0,3257
4,3257
1,3257
3,3258
0,3258
4,3258
1,3258
3,3259
5,3260
0,3261
3,3262
3,3263
5,3264
3,3265
3,3266
5,3267
5,3268
5,3269
3,3270
0,3270
4,3270
1,3270
5,3271
3,3272
0,3272
4,3272
1,3272
3,3273
3,3274
3,3275
3,3276
0,3276
4,3276
1,3276
5,3277
5,3278
5,3279
5,3280
3,3281
0,3281
4,3281
1,3281
5,3282
5,3283
3,3284
3,3285
5,3286
3,3287
0,3287
4,3287
1,3287
5,3288
3,3289
3,3290
3,3291
0,3291
4,3291
1,3291
1,3292
3,3293
5,3294
3,3295
3,3296
3,3297
0,3297
4,3297
1,3297
3,3298
3,3299
3,3300
0,3300
4,3300
1,3300
3,3301
5,3302
3,3303
0,3303
4,3303
1,3303
3,3304
3,3305
5,3306
5,3307
3,3308
0,3308
4,3308
1,3308
5,3309
5,3310
3,3311
0,3311
4,3311
1,3311
3,3312
3,3313
0,3313
4,3313
1,3313
3,3314
5,3315
4,3316
5,3317
5,3318
3,3319
0,3319
4,3319
1,3319
3,3320
0,3320
4,3320
1,3320
3,3321
0,3321
4,3321
1,3321
5,3322
3,3323
3,3324
4,3325
3,3326
0,3326
4,3326
1,3326
3,3327
3,3328
3,3329
3,3330
3,3331
3,3332
3,3333
3,3334
3,3335
0,3335
4,3335
1,3335
3,3336
5,3337
5,3338
3,3339
5,3340
3,3341
5,3342
5,3343
3,3344
0,3344
4,3344
1,3344
3,3345
3,3346
0,3346
4,3346
1,3346
3,3347
0,3347
4,3347
1,3347
5,3348
3,3349
3,3350
3,3351
3,3352
0,3353
3,3354
3,3355
0,3355
4,3355
1,3355
3,3356
0,3356
4,3356
1,3356
3,3357
3,3358
5,3359
3,3360
0,3360
4,3360
1,3360
3,3361
3,3362
3,3363
0,3363
4,3363
1,3363
3,3364
0,3364
4,3364
1,3364
3,3365
3,3366
3,3367
3,3368
5,3369
5,3370
3,3371
3,3372
0,3372
4,3372
1,3372
3,3373
3,3374
5,3375
0,3376
3,3377
0,3378
3,3379
0,3379
4,3379
1,3379
3,3380
3,3381
1,3382
3,3383
0,3383
4,3383
1,3383
0,3384
3,3385
1,3386
5,3387
5,3388
3,3389
0,3389
4,3389
1,3389
3,3390
3,3391
1,3392
3,3393
0,3393
4,3393
1,3393
3,3394
5,3395
3,3396
0,3396
4,3396
1,3396
3,3397
0,3397
4,3397
1,3397
3,3398
0,3398
4,3398
1,3398
5,3399
5,3400
3,3401
0,3401
4,3401
1,3401
5,3402
3,3403
0,3403
4,3403
1,3403
4,3404
3,3405
0,3405
4,3405
1,3405
3,3406
0,3406
4,3406
1,3406
5,3407
5,3408
5,3409
5,3410
5,3411
3,3412
0,3412
4,3412
1,3412
3,3413
0,3413
4,3413
1,3413
3,3414
0,3414
4,3414
1,3414
3,3415
0,3415
4,3415
1,3415
5,3416
0,3417
3,3418
0,3418
4,3418
1,3418
5,3419
3,3420
0,3420
4,3420
1,3420
5,3421
3,3422
0,3422
4,3422
1,3422
3,3423
0,3423
4,3423
1,3423
3,3424
0,3424
4,3424
1,3424
0,3425
3,3426
0,3426
4,3426
1,3426
3,3427
5,3428
3,3429
5,3430
5,3431
3,3432
0,3432
4,3432
1,3432
5,3433
5,3434
5,3435
5,3436
3,3437
0,3437
4,3437
1,3437
5,3438
3,3439
0,3439
4,3439
1,3439
3,3440
0,3440
4,3440
1,3440
3,3441
5,3442
5,3443
3,3444
0,3444
4,3444
1,3444
3,3445
0,3445
4,3445
1,3445
5,3446
3,3447
0,3447
4,3447
1,3447
5,3448
5,3449
5,3450
0,3451
3,3452
0,3452
4,3452
1,3452
3,3453
1,3454
1,3455
4,3456
1,3457
1,3458
4,3459
4,3460
1,3461
4,3462
0,3463
5,3464
5,3465
5,3466
5,3467
5,3468
3,3469
0,3469
4,3469
1,3469
3,3470
0,3470
4,3470
1,3470
3,3471
0,3471
4,3471
1,3471
3,3472
0,3472
4,3472
1,3472
3,3473
0,3473
4,3473
1,3473
0,3474
3,3475
3,3476
0,3477
5,3478
3,3479
0,3479
4,3479
1,3479
3,3480
0,3480
4,3480
1,3480
3,3481
0,3481
4,3481
1,3481
5,3482
5,3483
3,3484
0,3484
4,3484
1,3484
3,3485
3,3486
5,3487
4,3488
0,3489
5,3490
3,3491
0,3491
4,3491
1,3491
0,3492
4,3493
3,3494
0,3494
4,3494
1,3494
3,3495
0,3495
4,3495
1,3495
0,3496
0,3497
0,3498
0,3499
0,3500
0,3501
0,3502
1,3503
3,3504
5,3505
3,3506
0,3506
4,3506
1,3506
5,3507
5,3508
5,3509
5,3510
0,3511
5,3512
5,3513
1,3514
5,3515
5,3516
5,3517
5,3518
0,3519
3,3520
0,3520
4,3520
1,3520
1,3521
5,3522
3,3523
0,3523
4,3523
1,3523
5,3524
5,3525
1,3526
3,3527
0,3527
4,3527
1,3527
0,3528
3,3529
0,3529
4,3529
1,3529
3,3530
0,3530
4,3530
1,3530
5,3531
5,3532
3,3533
0,3533
4,3533
1,3533
3,3534
0,3534
4,3534
1,3534
5,3535
5,3536
3,3537
5,3538
5,3539
3,3540
3,3541
0,3541
4,3541
1,3541
3,3542
3,3543
0,3543
4,3543
1,3543
3,3544
0,3544
4,3544
1,3544
3,3545
0,3545
4,3545
1,3545
5,3546
3,3547
0,3548
3,3549
0,3549
4,3549
1,3549
5,3550
5,3551
3,3552
0,3552
4,3552
1,3552
3,3553
0,3553
4,3553
1,3553
3,3554
0,3554
4,3554
1,3554
5,3555
5,3556
3,3557
3,3558
0,3559
0,3560
3,3561
3,3562
3,3563
4,3564
5,3565
3,3566
3,3567
5,3568
3,3569
0,3569
4,3569
1,3569
5,3570
0,3571
3,3572
0,3572
4,3572
1,3572
3,3573
3,3574
3,3575
3,3576
0,3576
4,3576
1,3576
5,3577
3,3578
0,3578
4,3578
1,3578
3,3579
0,3579
4,3579
1,3579
3,3580
0,3580
4,3580
1,3580
5,3581
5,3582
5,3583
5,3584
